,name,score,price,ram,screen,storage
0,AMD Ryzen 9 5900HS,23101,$ 1.999.990,16 GB DDR4 (3200 MHz),"LED 14.0"" (2160x1440) / 120 Hz",SSD 1TB
1,AMD Ryzen 9 5980HS,23007,$ 3.199.990,16 GB LPDDR4X (2400 MHz),"LED 13.3"" (1920x1080) táctil / 120 Hz",SSD 1TB
2,AMD Ryzen 7 5800HS,22083,$ 1.269.990,16 GB LPDDR4X (2400 MHz),"LED 13.4"" (1920x1200) táctil / 120 Hz",SSD 512GB
3,AMD Ryzen 7 5800HS,22083,$ 1.449.990,16 GB DDR4 (3200 MHz),"LED 14.0"" (1920x1080) / 144 Hz",SSD 512GB
4,AMD Ryzen 7 5800H,22014,$ 1.299.990,16 GB DDR4 (3200 MHz),"LED 15.6"" (1920x1080) / 144 Hz",SSD 512GB
5,Intel Core i7-11800H,20633,$ 1.729.990,16 GB DDR4 (3200 MHz),"LED 17.3"" (1920x1080) / 144 Hz",SSD 512GB
6,AMD Ryzen 9 4900H,19772,$ 1.999.990,16 GB DDR4 (3200 MHz),"LED 14.0"" (2160x1440) / 120 Hz",SSD 1TB
7,AMD Ryzen 9 4900HS,19756,$ 1.499.000,16 GB DDR4 (3200 MHz),"LED 14.0"" (2560x1440) / 120 Hz",SSD 1TB
8,AMD Ryzen 9 4900HS,19756,$ 1.599.990,16 GB DDR4 (3200 MHz),"LED 14.0"" (2560x1440) / 60 Hz",SSD 1TB
9,AMD Ryzen 7 4800H,19411,$ 829.990,8 GB DDR4 (3200 MHz),"LED 15.6"" (1920x1080) / 144 Hz",SSD 512GB
10,AMD Ryzen 7 4800H,19411,$ 1.079.990,8 GB DDR4 (2666 MHz),"LED 15.6"" (1920x1080) / 60 Hz",SSD 512GB
11,AMD Ryzen 7 4800H,19411,$ 1.199.990,16 GB DDR4 (3200 MHz),"LED 15.6"" (1920x1080) / 60 Hz",SSD 512GB
12,AMD Ryzen 7 4800H,19411,$ 1.799.990,16 GB DDR4 (2666 MHz),"LED 17.3"" (1920x1080) / 144 Hz",SSD 512GB
13,AMD Ryzen 7 4800HS,18864,$ 1.249.990,16 GB DDR4 (3200 MHz),"LED 14.0"" (2560x1440) / 60 Hz",SSD 512GB
14,Intel Core i9-10980HK,17288,$ 2.799.990,32 GB DDR4 (2666 MHz),"LED 15.6"" (3840x2160) táctil / 60 Hz",SSD 1TB
15,Intel Core i9-10980HK,17288,$ 2.980.000,32 GB DDR4 (2933 MHz),"LED 15.6"" (3840x2160) / 60 Hz",SSD 1TB
16,Intel Core i9-10980HK,17288,$ 3.399.990,32 GB DDR4 (3200 MHz),"LED 15.6"" (3840x2160) / 60 Hz",SSD 2TB
17,Intel Core i7-10870H,16273,$ 1.079.990,8 GB DDR4 (2933 MHz),"LED 17.3"" (1920x1080) / 144 Hz",SSD 512GB
18,Intel Core i7-10870H,16273,$ 1.944.990,16 GB DDR4 (3200 MHz),"LED 15.6"" (3840x2160) / 60 Hz",SSD 512GB
19,Intel Core i7-10870H,16273,$ 1.969.990,16 GB DDR4 (3200 MHz),"LED 15.6"" (3840x2160) / 60 Hz",SSD 512GB
20,Intel Core i7-10870H,16273,$ 1.999.990,16 GB DDR4 (3200 MHz),"LED 17.3"" (1920x1080) / 300 Hz",SSD 512GB
21,Intel Core i7-10870H,16273,$ 2.109.990,8 GB DDR4 (3200 MHz),"LED 15.6"" (3840x2160) / 60 Hz",SSD 512GB
22,Intel Core i7-10870H,16273,$ 2.109.990,8 GB DDR4 (3200 MHz),"LED 15.6"" (3840x2160) / 60 Hz",SSD 512GB
23,Intel Core i7-10870H,16273,$ 2.190.000,16 GB DDR4 (2933 MHz),"LED 15.6"" (1920x1080) / 144 Hz",SSD 512GB
24,AMD Ryzen 7 5700U,16258,$ 899.990,8 GB DDR4 (3200 MHz),"LED 15.6"" (1920x1080) / 60 Hz",SSD 256GB
25,AMD Ryzen 7 5700U,16258,$ 1.449.990,16 GB DDR4 (3200 MHz),"LED 14.0"" (1920x1080) / 144 Hz",SSD 512GB
26,AMD Ryzen 5 5600U,16053,$ 899.990,8 GB LPDDR4X (3733 MHz),"LED 13.3"" (1920x1080) / 60 Hz",SSD 512GB
27,Intel Core i7-10875H,15908,$ 1.999.990,16 GB DDR4 (3200 MHz),"LED 15.6"" (1920x1080) / 240 Hz",SSD 1TB
28,Intel Core i7-10875H,15908,$ 2.049.990,16 GB DDR4 (3200 MHz),"LED 15.6"" (1920x1080) / 240 Hz",SSD 512GB
29,AMD Ryzen 5 4600H,15034,$ 799.990,8 GB DDR4 (3200 MHz),"LED 15.6"" (1920x1080) / 60 Hz",SSD 256GB
30,AMD Ryzen 5 4600H,15034,$ 894.000,8 GB DDR4 (2666 MHz),"LED 15.6"" (1920x1080) / 60 Hz",SSD 256GB
31,AMD Ryzen 5 4600H,15034,$ 969.990,8 GB DDR4 (3200 MHz),"LED 15.6"" (1920x1080) / 60 Hz",SSD 512GB
32,AMD Ryzen 5 4600H,15034,$ 979.990,8 GB DDR4 (3200 MHz),"LED 15.6"" (1920x1080) / 60 Hz",SSD 512GB
33,Intel Core i9-9880H,14141,$ 1.799.990,16 GB DDR4 (2666 MHz),"LED 15.6"" (1920x1080) / 60 Hz",SSD 512GB
34,Intel Core i9-9880H,14141,$ 2.399.990,16 GB DDR4 (2666 MHz),"LED 16.0"" (3072x1920) / 60 Hz",SSD 1TB
35,Intel Core i9-9880H,14141,$ 2.399.990,16 GB DDR4 (2666 MHz),"LED 16.0"" (3072x1920) / 60 Hz",SSD 1TB
36,AMD Ryzen 7 4700U,13844,$ 749.990,8 GB DDR4 (3200 MHz),"LED 15.6"" (1920x1080) / 60 Hz",SSD 512GB
37,AMD Ryzen 7 4700U,13844,$ 779.990,8 GB DDR4 (3200 MHz),"LED 14.0"" (1366x768) / 60 Hz",SSD 256GB
38,AMD Ryzen 7 4700U,13844,$ 799.000,8 GB DDR4 (3200 MHz),"LED 14.0"" (1920x1080) táctil / 60 Hz",SSD 512GB
39,AMD Ryzen 7 4700U,13844,$ 840.000,16 GB DDR4 (3200 MHz),"LED 14.0"" (1920x1080) / 60 Hz",SSD 512GB
40,AMD Ryzen 7 4700U,13844,$ 849.990,8 GB DDR4 (3200 MHz),"LED 13.3"" (1920x1080) táctil / 60 Hz",SSD 512GB
41,AMD Ryzen 7 4700U,13844,$ 849.990,8 GB DDR4 (3200 MHz),"LED 15.6"" (1920x1080) / 60 Hz",SSD 512GB
42,AMD Ryzen 7 4700U,13844,$ 849.990,16 GB DDR4 (3200 MHz),"LED 15.6"" (1920x1080) / 60 Hz",SSD 512GB
43,AMD Ryzen 7 4700U,13844,$ 859.900,8 GB DDR4 (3200 MHz),"LED 14.0"" (2560x1600) / 60 Hz",SSD 256GB
44,AMD Ryzen 7 4700U,13844,$ 899.000,8 GB DDR4 (3200 MHz),"LED 14.0"" (1920x1080) táctil / 60 Hz",SSD 512GB
45,Intel Core i7-11370H,13150,$ 1.249.000,8 GB DDR4 (3200 MHz),"LED 15.6"" (1920x1080) / 144 Hz",SSD 512GB
46,Intel Core i7-11370H,13150,$ 1.899.990,16 GB DDR4 (3200 MHz),"LED 15.6"" (1920x1080) / 240 Hz",SSD 1TB
47,Intel Core i7-10850H,13119,$ 1.879.990,32 GB DDR4 (2933 MHz),"LED 15.6"" (1920x1080) / 60 Hz",SSD 1TB
48,Intel Core i7-10850H,13119,$ 1.978.092,16 GB DDR4 (2933 MHz),"LED 15.6"" (1920x1080) / 60 Hz",SSD 1TB
49,AMD Ryzen 5 PRO 4650U,13103,$ 1.101.990,16 GB DDR4 (3200 MHz),"LED 13.3"" (1366x768) / 60 Hz",SSD 512GB
50,Intel Core i7-10750H,12741,$ 799.990,8 GB DDR4 (2933 MHz),"LED 15.6"" (1920x1080) / 120 Hz",HDD 1TB (5400rpm)
51,Intel Core i7-10750H,12741,$ 899.990,8 GB DDR4 (3200 MHz),"LED 15.6"" (1920x1080) / 120 Hz",SSD 512GB
52,Intel Core i7-10750H,12741,$ 899.990,8 GB DDR4 (2933 MHz),"LED 15.6"" (1920x1080) / 120 Hz",SSD 512GB
53,Intel Core i7-10750H,12741,$ 1.059.990,8 GB DDR4 (2933 MHz),"LED 15.6"" (1920x1080) / 144 Hz",HDD 1TB (5400rpm)
54,Intel Core i7-10750H,12741,$ 1.099.990,8 GB DDR4 (2933 MHz),"LED 15.6"" (1920x1080) / 60 Hz",Intel Optane 16GB
55,Intel Core i7-10750H,12741,$ 1.099.990,12 GB DDR4 (2933 MHz),"LED 16.1"" (1920x1080) / 60 Hz",SSD 512GB
56,Intel Core i7-10750H,12741,$ 1.109.990,8 GB DDR4 (2933 MHz),"LED 15.6"" (1920x1080) / 60 Hz",SSD 256GB
57,Intel Core i7-10750H,12741,$ 1.149.990,16 GB DDR4 (3200 MHz),"LED 15.6"" (1920x1080) / 60 Hz",SSD 512GB
58,Intel Core i7-10750H,12741,$ 1.222.190,16 GB DDR4 (3200 MHz),"LED 15.6"" (1920x1080) / 144 Hz",SSD 512GB
59,Intel Core i7-10750H,12741,$ 1.249.990,16 GB DDR4 (2666 MHz),"LED 15.6"" (1920x1080) / 120 Hz",SSD 512GB
60,Intel Core i7-10750H,12741,$ 1.299.990,8 GB DDR4 (2400 MHz),"LED 15.6"" (1920x1080) / 60 Hz",SSD 512GB
61,Intel Core i7-10750H,12741,$ 1.299.990,16 GB DDR4 (2933 MHz),"LED 15.6"" (1920x1080) / 60 Hz",SSD 512GB
62,Intel Core i5-10500H,12254,$ 1.399.990,16 GB DDR4 (3200 MHz),"LED 15.6"" (1920x1080) / 240 Hz",SSD 512GB
63,Intel Core i7-1165G7,11752,$ 729.990,8 GB DDR4 (2133 MHz),"LED 14.0"" (1920x1080) / 60 Hz",SSD 512GB
64,Intel Core i7-1165G7,11752,$ 779.990,4 GB DDR4 (3200 MHz),"LED 14.0"" (1920x1080) / 60 Hz",SSD 512GB
65,Intel Core i7-1165G7,11752,$ 799.990,8 GB DDR4 (3200 MHz),"LED 14.0"" (1920x1080) / 60 Hz",Intel Optane 32GB
66,Intel Core i7-1165G7,11752,$ 799.990,8 GB DDR4 (2400 MHz),"LED 14.0"" (1920x1080) / 60 Hz",SSD 512GB
67,Intel Core i7-1165G7,11752,$ 799.990,8 GB DDR4 (2400 MHz),"LED 14.0"" (1920x1080) / 60 Hz",Intel Optane 32GB
68,Intel Core i7-1165G7,11752,$ 824.490,8 GB DDR4 (3200 MHz),"LED 14.0"" (1920x1080) / 60 Hz",Intel Optane 32GB
69,Intel Core i7-1165G7,11752,$ 829.990,8 GB DDR4 (2133 MHz),"LED 14.0"" (1920x1080) / 60 Hz",SSD 512GB
70,Intel Core i7-1165G7,11752,$ 849.990,8 GB DDR4 (3200 MHz),"LED 14.0"" (1920x1080) / 60 Hz",Intel Optane 32GB
71,Intel Core i7-1165G7,11752,$ 849.990,8 GB DDR4 (3200 MHz),"LED 13.3"" (1920x1080) / 60 Hz",SSD 256GB
72,Intel Core i7-1165G7,11752,$ 853.590,8 GB LPDDR4X (4266 MHz),"LED 13.3"" (1920x1080) / 60 Hz",SSD 512GB
73,Intel Core i7-1165G7,11752,$ 858.900,8 GB DDR4 (3200 MHz),"LED 14.0"" (1920x1080) / 60 Hz",SSD 256GB
74,Intel Core i7-1165G7,11752,$ 859.990,16 GB LPDDR4X (4266 MHz),"LED 13.3"" (2560x1600) / 60 Hz",SSD 512GB
75,Intel Core i7-1185G7,11411,$ 999.990,8 GB DDR4 (3200 MHz),"LED 15.6"" (1920x1080) / 60 Hz",SSD 512GB
76,Intel Core i7-1185G7,11411,$ 1.399.990,16 GB LPDDR4X (3200 MHz),"LED 14.0"" (3840x2160) táctil / 60 Hz",SSD 1TB
77,Intel Core i7-1185G7,11411,$ 1.499.000,16 GB DDR4 (3200 MHz),"LED 15.6"" (1920x1080) / 144 Hz",SSD 1TB
78,Intel Core i7-1185G7,11411,$ 1.551.990,16 GB DDR4 (3200 MHz),"LED 15.6"" (1920x1080) / 144 Hz",SSD 512GB
79,Intel Core i7-1185G7,11411,$ 1.916.416,16 GB LPDDR4X (4266 MHz),"LED 15.0"" (1920x1080) / 60 Hz",SSD 512GB
80,Intel Core i7-9750H,11404,$ 1.099.990,16 GB DDR4 (2666 MHz),"LED 15.6"" (1920x1080) / 60 Hz",SSD 512GB
81,Intel Core i7-9750H,11404,$ 1.249.990,16 GB DDR4 (2666 MHz),"LED 15.6"" (1920x1080) / 60 Hz",SSD 1TB
82,Intel Core i7-9750H,11404,$ 1.249.990,32 GB DDR4 (2666 MHz),"LED 15.6"" (1920x1080) / 60 Hz",SSD 512GB
83,Intel Core i7-9750H,11404,$ 1.299.990,16 GB DDR4 (2666 MHz),"LED 15.6"" (1920x1080) / 144 Hz",Intel Optane 32GB
84,Intel Core i7-9750H,11404,$ 1.379.990,16 GB DDR4 (2666 MHz),"LED 15.6"" (1920x1080) / 60 Hz",HDD 1TB (5400rpm)
85,Intel Core i7-9750H,11404,$ 1.399.990,8 GB DDR4 (2666 MHz),"LED 15.6"" (1920x1080) / 60 Hz",HDD 1TB (5400rpm)
86,Intel Core i7-9750H,11404,$ 1.469.990,32 GB DDR4 (2666 MHz),"LED 15.6"" (1920x1080) / 144 Hz",SSD 1TB
87,Intel Core i7-9750H,11404,$ 1.499.990,16 GB DDR4 (2666 MHz),"LED 15.6"" (1920x1080) / 144 Hz",HDD 1TB (7200rpm)
88,Intel Core i7-9750H,11404,$ 1.699.000,16 GB DDR4 (2666 MHz),"LED 15.6"" (1920x1080) / 240 Hz",SSD 1TB
89,Intel Core i7-9750H,11404,$ 1.849.990,32 GB DDR4 (2666 MHz),"LED 15.6"" (3840x2160) / 60 Hz",SSD 1TB
90,Intel Core i7-9750H,11404,$ 1.899.990,32 GB DDR4 (2666 MHz),"LED 17.3"" (1920x1080) / 144 Hz",HDD 1TB (7200rpm)
91,Intel Core i7-9750H,11404,$ 2.049.990,16 GB DDR4 (2666 MHz),"LED 16.0"" (3072x1920) / 60 Hz",SSD 512GB
92,AMD Ryzen 5 4500U,11236,$ 529.990,8 GB DDR4 (2666 MHz),"LED 15.6"" (1366x768) / 60 Hz",SSD 256GB
93,AMD Ryzen 5 4500U,11236,$ 690.000,8 GB DDR4 (2666 MHz),"LED 14.0"" (1920x1080) / 60 Hz",SSD 256GB
94,AMD Ryzen 5 4500U,11236,$ 699.000,6 GB DDR4 (3200 MHz),"LED 14.0"" (1920x1080) / 60 Hz",SSD 256GB
95,AMD Ryzen 5 4500U,11236,$ 708.990,8 GB DDR4 (3200 MHz),"LED 14.0"" (1366x768) / 60 Hz",SSD 256GB
96,AMD Ryzen 5 4500U,11236,$ 789.990,8 GB DDR4 (2666 MHz),"LED 14.0"" (1920x1080) / 60 Hz",SSD 512GB
97,AMD Ryzen 5 4500U,11236,$ 899.990,8 GB DDR4 (3200 MHz),"LED 14.0"" (1366x768) / 60 Hz",SSD 256GB
98,Intel Core i5-11300H,11209,$ 839.990,8 GB LPDDR4X (4266 MHz),"LED 16.1"" (1920x1080) / 60 Hz",SSD 256GB
99,Intel Core i7-1160G7,10981,$ 1.699.990,16 GB LPDDR4X (4266 MHz),"LED 13.0"" (2160x1350) / 60 Hz",SSD 512GB
100,Intel Core i9-8950HK,10711,$ 2.999.990,32 GB DDR4 (2933 MHz),"LED 15.6"" (3840x2160) / 60 Hz",SSD 1TB
101,Intel Core i7-8750H,10205,$ 1.099.990,16 GB DDR4 (2400 MHz),"LED 15.6"" (1920x1080) / 144 Hz",SSD 512GB
102,Intel Core i7-8750H,10205,$ 1.842.990,8 GB DDR4 (2400 MHz),"LED 15.6"" (1920x1080) / 60 Hz",HDD 1TB (7200rpm)
103,AMD Ryzen 3 5300U,10157,$ 449.990,8 GB DDR4 (3200 MHz),"LED 14.0"" (1920x1080) / 60 Hz",SSD 256GB
104,AMD Ryzen 3 5300U,10157,$ 499.990,8 GB DDR4 (3200 MHz),"LED 14.0"" (1920x1080) / 60 Hz",SSD 512GB
105,Intel Core i7-10710U,9969,$ 1.399.990,16 GB DDR4 (2666 MHz),"LED 14.0"" (1920x1080) / 60 Hz",SSD 512GB
106,Intel Core i5-1038NG7,9907,$ 1.599.990,16 GB DDR3L (3733 MHz),"LED 13.3"" (2560x1600) / 60 Hz",SSD 512GB
107,Intel Core i5-1038NG7,9907,$ 1.599.990,16 GB DDR3L (3733 MHz),"LED 13.3"" (2560x1600) / 60 Hz",SSD 512GB
108,Intel Core i5-1038NG7,9907,$ 1.799.990,16 GB DDR3L (3733 MHz),"LED 13.3"" (2560x1600) / 60 Hz",SSD 1TB
109,Intel Core i5-1038NG7,9907,$ 2.077.952,16 GB DDR3L (3733 MHz),"LED 13.3"" (2560x1600) / 60 Hz",SSD 1TB
110,Intel Core i7-4870HQ,9549,$ 1.799.990,16 GB DDR3L (1600 MHz),"LED 15.4"" (2880x1800) / 60 Hz",SSD 512GB
111,Intel Core i5-1135G7,9155,$ 629.990,8 GB DDR4 (2666 MHz),"LED 14.1"" (1366x768) / 60 Hz",HDD 1TB (5400rpm)
112,Intel Core i5-1135G7,9155,$ 649.000,12 GB DDR4 (2666 MHz),"LED 15.6"" (1920x1080) / 60 Hz",SSD 256GB
113,Intel Core i5-1135G7,9155,$ 659.990,8 GB DDR4 (2400 MHz),"LED 14.0"" (1920x1080) / 60 Hz",SSD 256GB
114,Intel Core i5-1135G7,9155,$ 693.490,8 GB DDR4 (2400 MHz),"LED 14.0"" (1920x1080) / 60 Hz",Intel Optane 32GB
115,Intel Core i5-1135G7,9155,$ 699.990,8 GB DDR4 (2666 MHz),"LED 14.0"" (1920x1080) / 60 Hz",SSD 256GB
116,Intel Core i5-1135G7,9155,$ 699.990,8 GB DDR4 (2666 MHz),"LED 14.0"" (1920x1080) / 60 Hz",SSD 256GB
117,Intel Core i5-1135G7,9155,$ 699.900,8 GB DDR4 (3200 MHz),"LED 14.0"" (1920x1080) / 60 Hz",SSD 512GB
118,Intel Core i5-1135G7,9155,$ 727.490,8 GB LPDDR4X (4266 MHz),"LED 13.3"" (1920x1080) / 60 Hz",SSD 256GB
119,Intel Core i5-1135G7,9155,$ 749.990,8 GB DDR4 (3200 MHz),"LED 14.0"" (1920x1080) / 60 Hz",Intel Optane 32GB
120,Intel Core i5-1135G7,9155,$ 749.990,12 GB DDR4 (3200 MHz),"LED 15.6"" (1920x1080) táctil / 60 Hz",SSD 512GB
121,Intel Core i5-1135G7,9155,$ 769.990,8 GB DDR4 (3200 MHz),"LED 15.6"" (1366x768) / 60 Hz",SSD 256GB
122,Intel Core i5-1135G7,9155,$ 775.990,8 GB DDR4 (3200 MHz),"LED 14.0"" (1366x768) / 60 Hz",Intel Optane 32GB
123,Intel Core i7-1065G7,9013,$ 629.990,4 GB DDR4 (2666 MHz),"LED 14.0"" (1366x768) / 60 Hz",SSD 256GB
124,Intel Core i7-1065G7,9013,$ 699.000,8 GB DDR4 (2666 MHz),"LED 15.6"" (1920x1080) / 60 Hz",SSD 256GB
125,Intel Core i7-1065G7,9013,$ 699.990,8 GB DDR4 (3200 MHz),"LED 15.6"" (1920x1080) / 60 Hz",SSD 512GB
126,Intel Core i7-1065G7,9013,$ 699.990,4 GB DDR4 (2666 MHz),"LED 14.0"" (1366x768) / 60 Hz",SSD 256GB
127,Intel Core i7-1065G7,9013,$ 729.000,8 GB DDR4 (3200 MHz),"LED 14.0"" (1920x1080) / 60 Hz",SSD 256GB
128,Intel Core i7-1065G7,9013,$ 749.000,8 GB DDR4 (2666 MHz),"LED 15.6"" (1366x768) / 60 Hz",SSD 256GB
129,Intel Core i7-1065G7,9013,$ 789.069,8 GB DDR4 (2666 MHz),"LED 15.6"" (1366x768) / 60 Hz",HDD 500GB (7200rpm)
130,Intel Core i7-1065G7,9013,$ 829.990,8 GB DDR4 (2400 MHz),"LED 14.0"" (1920x1080) táctil / 60 Hz",SSD 512GB
131,Intel Core i7-1065G7,9013,$ 929.990,8 GB DDR4 (2666 MHz),"LED 15.6"" (1920x1080) / 60 Hz",SSD 512GB
132,Intel Core i7-1065G7,9013,$ 949.990,12 GB LPDDR4X (3200 MHz),"LED 14.0"" (1920x1080) / 60 Hz",SSD 512GB
133,Intel Core i7-1065G7,9013,$ 999.990,12 GB LPDDR4X (3200 MHz),"LED 14.0"" (1920x1080) / 60 Hz",SSD 512GB
134,Intel Core i7-1065G7,9013,$ 1.199.990,16 GB DDR4L (3733 MHz),"LED 14.0"" (1920x1080) / 60 Hz",SSD 1TB
135,Intel Core i5-10300H,8901,$ 699.990,8 GB DDR4 (2933 MHz),"LED 15.6"" (1920x1080) / 60 Hz",Intel Optane 16GB
136,Intel Core i5-10300H,8901,$ 729.990,8 GB DDR4 (2933 MHz),"LED 16.1"" (1920x1080) / 60 Hz",Intel Optane 32GB
137,Intel Core i5-10300H,8901,$ 729.990,8 GB DDR4 (2933 MHz),"LED 15.6"" (1920x1080) / 60 Hz",SSD 512GB
138,Intel Core i5-10300H,8901,$ 729.990,4 GB DDR4 (2933 MHz),"LED 15.6"" (1920x1080) / 60 Hz",SSD 512GB
139,Intel Core i5-10300H,8901,$ 769.990,8 GB DDR4 (2933 MHz),"LED 15.6"" (1920x1080) / 120 Hz",HDD 1TB (5400rpm)
140,Intel Core i5-10300H,8901,$ 775.990,8 GB DDR4 (2666 MHz),"LED 15.6"" (1920x1080) / 60 Hz",SSD 256GB
141,Intel Core i5-10300H,8901,$ 799.990,8 GB DDR4 (2933 MHz),"LED 15.6"" (1920x1080) / 60 Hz",SSD 512GB
142,Intel Core i5-10300H,8901,$ 819.990,16 GB DDR4 (2666 MHz),"LED 15.6"" (1920x1080) / 144 Hz",SSD 512GB
143,Intel Core i5-10300H,8901,$ 839.990,8 GB DDR4 (2666 MHz),"LED 15.6"" (1920x1080) / 60 Hz",SSD 256GB
144,Intel Core i5-10300H,8901,$ 859.990,8 GB DDR4 (2933 MHz),"LED 15.6"" (1920x1080) / 144 Hz",SSD 512GB
145,Intel Core i5-10300H,8901,$ 879.990,12 GB DDR4 (2666 MHz),"LED 15.6"" (1920x1080) / 144 Hz",SSD 512GB
146,Intel Core i5-10300H,8901,$ 899.990,8 GB DDR4 (2933 MHz),"LED 15.6"" (1920x1080) / 60 Hz",SSD 256GB
147,Intel Core i7-4800MQ,8593,$ 675.000,16 GB DDR3L (1600 MHz),"LED 15.6"" (1920x1080) / 60 Hz",HDD 500GB (5400rpm)
148,Intel Core i5-1035G7,8495,$ 1.969.990,8 GB DDR4L (2133 MHz),"LED 13.5"" (2256x1504) táctil / 60 Hz",SSD 256GB
149,Intel Core i5-1035G7,8495,$ 2.399.990,8 GB LPDDR4X (3733 MHz),"LED 13.5"" (3000x2000) táctil / 60 Hz",SSD 256GB
150,AMD Ryzen 7 3750H,8430,$ 849.990,12 GB DDR4 (2400 MHz),"LED 15.6"" (1920x1080) / 60 Hz",HDD 1TB (5400rpm)
151,AMD Ryzen 7 3750H,8430,$ 929.990,12 GB DDR4 (2400 MHz),"LED 15.6"" (1920x1080) / 60 Hz",HDD 1TB (5400rpm)
152,AMD Ryzen 7 3750H,8430,$ 929.990,8 GB DDR4 (2400 MHz),"LED 15.6"" (1920x1080) / 60 Hz",HDD 1TB (5400rpm)
153,Intel Core i5-10200H,8391,$ 900.000,8 GB DDR4 (2933 MHz),"LED 15.6"" (1920x1080) / 120 Hz",SSD 256GB
154,Intel Core i5-8259U,8280,$ 899.990,8 GB DDR4 (2133 MHz),"LED 14.0"" (2560x1440) / 60 Hz",SSD 256GB
155,Intel Core i5-1035G4,8235,$ 499.990,4 GB DDR4 (2666 MHz),"LED 14.0"" (1366x768) / 60 Hz",SSD 256GB
156,Intel Core i5-1035G4,8235,$ 630.490,8 GB DDR4 (2666 MHz),"LED 14.0"" (1920x1080) / 60 Hz",SSD 256GB
157,Intel Core i5-1035G4,8235,$ 659.990,4 GB DDR4 (2666 MHz),"LED 15.6"" (1366x768) / 60 Hz",HDD 1TB (5400rpm)
158,Intel Core i5-1035G4,8235,$ 1.199.990,12 GB LPDDR4X (3733 MHz),"LED 14.0"" (1920x1080) táctil / 60 Hz",SSD 1TB
159,Intel Core i5-1035G4,8235,$ 1.299.000,8 GB DDR4 (2666 MHz),"LED 12.3"" (2736x1824) táctil / 60 Hz",SSD 128GB
160,Intel Core i5-1035G4,8235,$ 1.449.990,8 GB DDR4 (2666 MHz),"LED 12.3"" (2736x1824) táctil / 60 Hz",SSD 128GB
161,Intel Core i5-1035G4,8235,$ 1.749.990,8 GB DDR4 (2666 MHz),"LED 12.3"" (2736x1824) táctil / 60 Hz",SSD 256GB
162,Intel Core i5-1035G4,8235,$ 1.990.990,16 GB DDR4 (2666 MHz),"LED 12.3"" (2736x1824) táctil / 60 Hz",SSD 256GB
163,Intel Core i5-1035G4,8235,$ 1.999.990,8 GB DDR4 (2666 MHz),"LED 12.3"" (2736x1824) táctil / 60 Hz",SSD 256GB
164,Intel Core i5-8257U,8182,$ 1.649.990,16 GB DDR3L (2133 MHz),"LED 13.3"" (2560x1600) / 60 Hz",SSD 512GB
165,AMD Ryzen 5 3550H,8123,$ 839.990,8 GB DDR4 (2400 MHz),"LED 15.6"" (1920x1080) / 60 Hz",HDD 1TB (5400rpm)
166,Intel Core i5-9300H,8014,$ 779.990,8 GB DDR4 (2400 MHz),"LED 15.6"" (1920x1080) / 60 Hz",SSD 512GB
167,Intel Core i5-9300H,8014,$ 799.990,8 GB DDR4 (2400 MHz),"LED 15.6"" (1920x1080) / 60 Hz",HDD 1TB (5400rpm)
168,Intel Core i5-9300H,8014,$ 799.990,8 GB DDR4 (2933 MHz),"LED 15.6"" (1920x1080) / 60 Hz",SSD 256GB
169,Intel Core i5-9300H,8014,$ 829.990,8 GB DDR4 (2666 MHz),"LED 15.6"" (1920x1080) / 60 Hz",Intel Optane 16GB
170,Intel Core i5-9300H,8014,$ 899.990,8 GB DDR4 (2666 MHz),"LED 15.6"" (1920x1080) / 60 Hz",SSD 512GB
171,Intel Core i5-9300H,8014,$ 999.990,8 GB DDR4 (2666 MHz),"LED 15.6"" (1920x1080) / 144 Hz",SSD 1TB
172,Intel Core i5-9300H,8014,$ 999.900,8 GB DDR4 (2666 MHz),"LED 15.6"" (1920x1080) / 120 Hz",SSD 256GB
173,Intel Core i5-9300H,8014,$ 1.029.000,12 GB DDR4 (2666 MHz),"LED 15.6"" (1920x1080) / 60 Hz",SSD 512GB
174,Intel Core i5-1035G1,7990,$ 499.990,4 GB DDR4 (2666 MHz),"LED 14.0"" (1366x768) / 60 Hz",HDD 1TB (5400rpm)
175,Intel Core i5-1035G1,7990,$ 539.990,4 GB DDR4 (2666 MHz),"LED 14.0"" (1366x768) / 60 Hz",HDD 1TB (5400rpm)
176,Intel Core i5-1035G1,7990,$ 549.000,8 GB DDR4 (2666 MHz),"LED 14.0"" (1920x1080) / 60 Hz",SSD 512GB
177,Intel Core i5-1035G1,7990,$ 550.990,8 GB LPDDR4X (2400 MHz),"LED 14.0"" (1920x1080) / 60 Hz",SSD 256GB
178,Intel Core i5-1035G1,7990,$ 569.990,4 GB DDR4 (2666 MHz),"LED 14.0"" (1366x768) / 60 Hz",HDD 1TB (5400rpm)
179,Intel Core i5-1035G1,7990,$ 579.000,8 GB DDR4 (2666 MHz),"LED 15.6"" (1920x1080) / 60 Hz",SSD 256GB
180,Intel Core i5-1035G1,7990,$ 589.990,8 GB DDR4 (2666 MHz),"LED 14.0"" (1366x768) / 60 Hz",HDD 1TB (5400rpm)
181,Intel Core i5-1035G1,7990,$ 599.990,4 GB DDR4 (2400 MHz),"LED 14.0"" (1366x768) / 60 Hz",SSD 256GB
182,Intel Core i5-1035G1,7990,$ 599.989,4 GB DDR4 (2666 MHz),"LED 14.0"" (1366x768) / 60 Hz",HDD 1TB (5400rpm)
183,Intel Core i5-1035G1,7990,$ 599.990,8 GB DDR4 (2666 MHz),"LED 14.0"" (1366x768) / 60 Hz",SSD 256GB
184,Intel Core i5-1035G1,7990,$ 599.990,8 GB DDR4 (2666 MHz),"LED 14.0"" (1920x1080) / 60 Hz",SSD 256GB
185,Intel Core i5-1035G1,7990,$ 629.900,4 GB DDR4 (2666 MHz),"LED 14.0"" (1366x768) / 60 Hz",HDD 1TB (5400rpm)
186,AMD Ryzen 3 4300U,7902,$ 465.590,4 GB DDR4 (2666 MHz),"LED 15.6"" (1366x768) / 60 Hz",SSD 256GB
187,AMD Ryzen 3 4300U,7902,$ 539.990,8 GB DDR4 (3200 MHz),"LED 15.6"" (1366x768) / 60 Hz",SSD 256GB
188,AMD Ryzen 3 4300U,7902,$ 629.990,8 GB DDR4 (3200 MHz),"LED 14.0"" (1920x1080) / 60 Hz",SSD 256GB
189,AMD Ryzen 7 3700U,7379,$ 699.990,8 GB DDR4 (2400 MHz),"LED 15.6"" (1920x1080) / 60 Hz",SSD 512GB
190,AMD Ryzen 7 3700U,7379,$ 729.990,8 GB DDR4 (2400 MHz),"LED 15.6"" (1920x1080) / 60 Hz",SSD 512GB
191,AMD Ryzen 7 3700U,7379,$ 749.990,8 GB DDR4 (2400 MHz),"LED 15.6"" (1920x1080) / 60 Hz",SSD 256GB
192,AMD Ryzen 7 3700U,7379,$ 749.990,8 GB DDR4 (2666 MHz),"LED 15.6"" (1920x1080) / 60 Hz",HDD 1TB (5400rpm)
193,AMD Ryzen 7 3700U,7379,$ 799.990,8 GB DDR4 (2666 MHz),"LED 15.6"" (1920x1080) táctil / 60 Hz",SSD 256GB
194,AMD Ryzen 7 3700U,7379,$ 880.990,8 GB DDR4 (2400 MHz),"LED 14.0"" (1366x768) / 60 Hz",SSD 256GB
195,AMD Ryzen 7 3700U,7379,$ 1.099.990,16 GB DDR4 (2666 MHz),"LED 14.0"" (1920x1080) / 60 Hz",SSD 512GB
196,AMD Ryzen 7 Pro 3700U,7345,$ 919.000,16 GB DDR4 (2400 MHz),"LED 13.3"" (1920x1080) táctil / 60 Hz",SSD 512GB
197,Intel Core i7-10610U,7320,$ 839.900,8 GB DDR4 (2400 MHz),"LED 14.0"" (1366x768) / 60 Hz",SSD 256GB
198,Intel Core i7-10610U,7320,$ 1.299.990,16 GB DDR4 (2400 MHz),"LED 14.0"" (1366x768) / 60 Hz",SSD 512GB
199,Intel Core i7-10610U,7320,$ 1.339.990,16 GB DDR4 (3200 MHz),"LED 15.6"" (1920x1080) / 60 Hz",SSD 512GB
200,Intel Core i7-10610U,7320,$ 1.759.990,16 GB DDR4 (2666 MHz),"LED 14.0"" (1920x1080) / 60 Hz",SSD 1TB
201,AMD Ryzen 5 3450U,7255,$ 589.000,16 GB DDR3 (1600 MHz),"LED 15.6"" (1920x1080) / 60 Hz",SSD 256GB
202,AMD Ryzen 5 3450U,7255,$ 589.000,8 GB DDR4 (2400 MHz),"LED 15.6"" (1920x1080) táctil / 60 Hz",SSD 256GB
203,AMD Ryzen 5 3450U,7255,$ 619.000,16 GB DDR3 (1600 MHz),"LED 15.6"" (1920x1080) / 60 Hz",SSD 256GB
204,AMD Ryzen 5 PRO 3500U,7143,$ 649.990,8 GB DDR4 (2400 MHz),"LED 14.0"" (1920x1080) / 60 Hz",SSD 256GB
205,AMD Ryzen 5 PRO 3500U,7143,$ 649.990,8 GB DDR4 (2400 MHz),"LED 13.3"" (1366x768) / 60 Hz",SSD 256GB
206,AMD Ryzen 5 PRO 3500U,7143,$ 699.990,16 GB DDR4 (2400 MHz),"LED 13.3"" (1920x1080) táctil / 60 Hz",SSD 256GB
207,AMD Ryzen 5 PRO 3500U,7143,$ 699.990,8 GB DDR4 (2400 MHz),"LED 14.0"" (1920x1080) / 60 Hz",SSD 512GB
208,AMD Ryzen 5 PRO 3500U,7143,$ 2.035.990,8 GB DDR4 (2666 MHz),"LED 13.3"" (1920x1080) / 60 Hz",SSD 512GB
209,AMD Ryzen 5 3500U,7143,$ 499.990,8 GB DDR4 (2400 MHz),"LED 14.0"" (1366x768) / 60 Hz",HDD 1TB (5400rpm)
210,AMD Ryzen 5 3500U,7143,$ 504.469,8 GB DDR4 (2400 MHz),"LED 14.0"" (1366x768) / 60 Hz",HDD 1TB (5400rpm)
211,AMD Ryzen 5 3500U,7143,$ 549.990,8 GB DDR4 (2666 MHz),"LED 14.0"" (1920x1080) / 60 Hz",SSD 256GB
212,AMD Ryzen 5 3500U,7143,$ 599.990,8 GB DDR4 (2400 MHz),"LED 15.6"" (1920x1080) / 60 Hz",SSD 256GB
213,AMD Ryzen 5 3500U,7143,$ 599.900,8 GB DDR4 (2400 MHz),"LED 14.0"" (1366x768) / 60 Hz",SSD 256GB
214,AMD Ryzen 5 3500U,7143,$ 599.990,8 GB DDR4 (2400 MHz),"LED 14.0"" (1920x1080) / 60 Hz",SSD 256GB
215,AMD Ryzen 5 3500U,7143,$ 639.990,8 GB DDR4 (2400 MHz),"LED 14.0"" (1366x768) / 60 Hz",HDD 1TB (5400rpm)
216,AMD Ryzen 5 3500U,7143,$ 689.000,8 GB DDR4 (2400 MHz),"LED 15.6"" (1920x1080) / 60 Hz",SSD 512GB
217,AMD Ryzen 5 3500U,7143,$ 739.990,8 GB DDR4 (2400 MHz),"LED 15.6"" (1920x1080) / 60 Hz",SSD 512GB
218,AMD Ryzen 5 3500U,7143,$ 2.365.990,8 GB DDR4 (2400 MHz),"LED 14.0"" (1920x1080) / 60 Hz",SSD 256GB
219,Intel Core i7-10510U,7103,$ 749.990,8 GB DDR4 (2666 MHz),"LED 15.6"" (1920x1080) / 60 Hz",SSD 256GB
220,Intel Core i7-10510U,7103,$ 819.000,8 GB LPDDR3 (2133 MHz),"LED 14.0"" (1920x1080) / 60 Hz",SSD 512GB
221,Intel Core i7-10510U,7103,$ 830.490,8 GB DDR4 (2400 MHz),"LED 14.0"" (1920x1080) / 60 Hz",SSD 512GB
222,Intel Core i7-10510U,7103,$ 849.990,8 GB DDR4 (2666 MHz),"LED 14.0"" (1920x1080) / 60 Hz",Intel Optane 32GB
223,Intel Core i7-10510U,7103,$ 873.900,8 GB DDR4 (2666 MHz),"LED 14.0"" (1366x768) / 60 Hz",SSD 256GB
224,Intel Core i7-10510U,7103,$ 889.990,8 GB DDR4 (2400 MHz),"LED 13.3"" (2560x1600) / 60 Hz",SSD 256GB
225,Intel Core i7-10510U,7103,$ 903.500,8 GB DDR4 (2666 MHz),"LED 14.0"" (1366x768) / 60 Hz",SSD 256GB
226,Intel Core i7-10510U,7103,$ 904.900,8 GB DDR4 (2666 MHz),"LED 14.0"" (1920x1080) / 60 Hz",SSD 256GB
227,Intel Core i7-10510U,7103,$ 913.774,8 GB DDR4 (2666 MHz),"LED 14.0"" (1920x1080) / 60 Hz",SSD 256GB
228,Intel Core i7-10510U,7103,$ 915.000,8 GB DDR4 (2666 MHz),"LED 14.0"" (1366x768) / 60 Hz",SSD 256GB
229,Intel Core i7-10510U,7103,$ 929.990,16 GB DDR4 (2666 MHz),"LED 13.3"" (2560x1600) / 60 Hz",SSD 512GB
230,Intel Core i7-10510U,7103,$ 949.990,8 GB DDR4 (2666 MHz),"LED 14.0"" (1920x1080) / 60 Hz",SSD 512GB
231,Intel Core i7-7700HQ,6951,$ 2.599.990,32 GB DDR4 (2400 MHz),"LED 15.6"" (1920x1080) / 60 Hz",SSD 1TB
232,Intel Core i7-8665U,6587,$ 1.599.990,16 GB DDR4 (2400 MHz),"LED 14.0"" (1920x1080) / 60 Hz",SSD 512GB
233,Intel Core i7-8665U,6587,$ 1.899.990,16 GB DDR3 (2133 MHz),"LED 13.3"" (1920x1080) táctil / 60 Hz",Intel Optane 32GB
234,Intel Core i7-8665U,6587,$ 1.999.990,8 GB LPDDR3 (2133 MHz),"LED 14.0"" (2560x1440) táctil / 60 Hz",SSD 256GB
235,Intel Core i7-8665U,6587,$ 2.722.990,8 GB DDR4 (2400 MHz),"LED 14.0"" (1920x1080) / 60 Hz",SSD 256GB
236,Intel Core i7-8650U,6582,$ 2.156.709,16 GB DDR4 (2400 MHz),"LED 14.0"" (1920x1080) / 60 Hz",SSD 512GB
237,Intel Core i7-8650U,6582,$ 2.450.000,16 GB DDR4 (2133 MHz),"LED 14.0"" (1920x1080) / 60 Hz",SSD 512GB
238,Intel Core i7-8650U,6582,$ 2.502.322,16 GB DDR4 (2133 MHz),"LED 14.0"" (1920x1080) / 60 Hz",SSD 512GB
239,Intel Core i7-8565U,6527,$ 749.664,16 GB DDR4 (2133 MHz),"LED 14.0"" (1366x768) / 60 Hz",SSD 256GB
240,Intel Core i7-8565U,6527,$ 899.990,12 GB DDR4 (2133 MHz),"LED 15.6"" (1366x768) / 60 Hz",HDD 1TB (5400rpm)
241,Intel Core i7-8565U,6527,$ 899.990,16 GB DDR4 (2133 MHz),"LED 14.0"" (1366x768) / 60 Hz",SSD 256GB
242,Intel Core i7-8565U,6527,$ 999.990,8 GB DDR4 (2400 MHz),"LED 14.0"" (1920x1080) / 60 Hz",SSD 256GB
243,Intel Core i7-8565U,6527,$ 999.990,16 GB DDR4 (2400 MHz),"LED 13.3"" (1920x1080) / 60 Hz",SSD 512GB
244,Intel Core i7-8565U,6527,$ 999.990,16 GB DDR4 (2400 MHz),"LED 13.3"" (1920x1080) táctil / 60 Hz",SSD 512GB
245,Intel Core i7-8565U,6527,$ 999.990,8 GB DDR4 (2666 MHz),"LED 15.6"" (1920x1080) / 60 Hz",SSD 512GB
246,Intel Core i7-8565U,6527,$ 1.143.653,16 GB DDR4 (2400 MHz),"LED 14.0"" (1920x1080) / 60 Hz",SSD 512GB
247,Intel Core i7-8565U,6527,$ 1.239.990,16 GB DDR4 (2400 MHz),"LED 14.0"" (1920x1080) / 60 Hz",SSD 512GB
248,Intel Core i7-8565U,6527,$ 1.299.990,8 GB DDR4 (2400 MHz),"LED 14.0"" (1366x768) / 60 Hz",SSD 512GB
249,Intel Core i7-8565U,6527,$ 1.499.990,8 GB DDR3L (2133 MHz),"LED 13.9"" (3000x2000) táctil / 60 Hz",SSD 512GB
250,Intel Core i7-8565U,6527,$ 1.799.990,16 GB DDR3L (2133 MHz),"LED 14.0"" (1920x1080) táctil / 60 Hz",SSD 512GB
251,Intel Core i5-10210U,6482,$ 539.990,4 GB DDR4 (2666 MHz),"LED 14.0"" (1366x768) / 60 Hz",HDD 1TB (5400rpm)
252,Intel Core i5-10210U,6482,$ 579.990,4 GB DDR4 (2666 MHz),"LED 14.0"" (1366x768) / 60 Hz",HDD 1TB (5400rpm)
253,Intel Core i5-10210U,6482,$ 579.990,4 GB DDR4 (2666 MHz),"LED 14.0"" (1366x768) / 60 Hz",HDD 1TB (5400rpm)
254,Intel Core i5-10210U,6482,$ 629.990,16 GB DDR4 (2400 MHz),"LED 13.3"" (2560x1600) / 60 Hz",SSD 512GB
255,Intel Core i5-10210U,6482,$ 629.000,8 GB DDR4 (2666 MHz),"LED 15.6"" (1366x768) táctil / 60 Hz",SSD 512GB
256,Intel Core i5-10210U,6482,$ 649.000,8 GB DDR4 (2666 MHz),"LED 14.0"" (1920x1080) / 60 Hz",HDD 1TB (5400rpm)
257,Intel Core i5-10210U,6482,$ 709.990,16 GB DDR4 (2666 MHz),"LED 13.3"" (2560x1600) / 60 Hz",SSD 512GB
258,Intel Core i5-10210U,6482,$ 714.990,8 GB DDR4 (2666 MHz),"LED 14.0"" (1366x768) / 60 Hz",HDD 1TB (5400rpm)
259,Intel Core i5-10210U,6482,$ 729.990,8 GB DDR4 (2666 MHz),"LED 14.0"" (1366x768) / 60 Hz",HDD 1TB (5400rpm)
260,Intel Core i5-10210U,6482,$ 739.990,8 GB DDR4 (2666 MHz),"LED 13.3"" (2560x1600) / 60 Hz",SSD 512GB
261,Intel Core i5-10210U,6482,$ 739.936,8 GB DDR4 (2400 MHz),"LED 14.0"" (1366x768) / 60 Hz",HDD 1TB (5400rpm)
262,Intel Core i5-10210U,6482,$ 740.758,8 GB DDR4 (2666 MHz),"LED 14.0"" (1920x1080) / 60 Hz",SSD 256GB
263,Intel Core i5-8365U,6440,$ 679.990,8 GB DDR4 (2400 MHz),"LED 14.0"" (1920x1080) / 60 Hz",SSD 256GB
264,Intel Core i5-8365U,6440,$ 899.990,8 GB DDR4 (2400 MHz),"LED 14.0"" (1920x1080) / 60 Hz",SSD 256GB
265,Intel Core i5-8365U,6440,$ 1.035.000,8 GB DDR4 (2666 MHz),"LED 14.0"" (1920x1080) / 60 Hz",SSD 256GB
266,Intel Core i3-1115G4,6436,$ 404.990,4 GB DDR4 (2666 MHz),"LED 14.0"" (1366x768) / 60 Hz",HDD 1TB (5400rpm)
267,Intel Core i3-1115G4,6436,$ 449.990,4 GB DDR4 (2400 MHz),"LED 14.0"" (1920x1080) / 60 Hz",SSD 128GB
268,Intel Core i3-1115G4,6436,$ 449.990,4 GB DDR4 (2666 MHz),"LED 14.0"" (1366x768) / 60 Hz",SSD 256GB
269,Intel Core i3-1115G4,6436,$ 455.890,4 GB DDR4 (2400 MHz),"LED 14.0"" (1920x1080) / 60 Hz",SSD 256GB
270,Intel Core i3-1115G4,6436,$ 459.648,4 GB DDR4 (2666 MHz),"LED 14.0"" (1366x768) / 60 Hz",HDD 1TB (5400rpm)
271,Intel Core i3-1115G4,6436,$ 465.590,4 GB DDR4 (3200 MHz),"LED 14.0"" (1920x1080) / 60 Hz",SSD 128GB
272,Intel Core i3-1115G4,6436,$ 499.990,8 GB DDR4 (2666 MHz),"LED 14.0"" (1366x768) / 60 Hz",SSD 256GB
273,Intel Core i3-1115G4,6436,$ 528.960,8 GB DDR4 (2666 MHz),"LED 14.0"" (1366x768) / 60 Hz",HDD 1TB (5400rpm)
274,Intel Core i3-1115G4,6436,$ 529.990,4 GB DDR4 (3200 MHz),"LED 14.0"" (1920x1080) / 60 Hz",SSD 256GB
275,Intel Core i3-1115G4,6436,$ 559.990,8 GB DDR4 (3200 MHz),"LED 14.0"" (1366x768) táctil / 60 Hz",SSD 128GB
276,Intel Core i7-4960HQ,6433,$ 629.990,16 GB DDR3 (1600 MHz),"LED 15.4"" (2880x1800) / 60 Hz",SSD 128GB
277,Intel Core i5-8350U,6383,$ 549.990,8 GB DDR4 (2400 MHz),"LED 12.5"" (1920x1080) táctil / 60 Hz",SSD 256GB
278,Intel Core i5-8350U,6383,$ 699.990,8 GB DDR4 (2400 MHz),"LED 13.3"" (1920x1080) / 60 Hz",SSD 256GB
279,Intel Core i5-8350U,6383,$ 799.990,8 GB DDR4 (2133 MHz),"LED 14.0"" (1366x768) / 60 Hz",HDD 1TB (5400rpm)
280,Intel Core i5-8265U,6264,$ 549.990,4 GB DDR4 (2400 MHz),"LED 14.0"" (1366x768) / 60 Hz",HDD 1TB (5400rpm)
281,Intel Core i5-8265U,6264,$ 699.990,8 GB DDR4 (2400 MHz),"LED 13.3"" (1920x1080) / 60 Hz",SSD 256GB
282,Intel Core i5-8265U,6264,$ 699.990,8 GB DDR4 (2400 MHz),"LED 14.0"" (1366x768) / 60 Hz",SSD 256GB
283,Intel Core i5-8265U,6264,$ 749.990,8 GB DDR4 (2400 MHz),"LED 15.6"" (1920x1080) / 60 Hz",SSD 256GB
284,Intel Core i5-8265U,6264,$ 808.990,8 GB DDR4 (2400 MHz),"LED 15.6"" (1920x1080) / 60 Hz",SSD 256GB
285,Intel Core i5-8265U,6264,$ 1.011.712,8 GB DDR4 (2400 MHz),"LED 14.0"" (1920x1080) / 60 Hz",SSD 512GB
286,Intel Core i5-8265U,6264,$ 1.260.990,8 GB DDR4 (2400 MHz),"LED 14.0"" (1920x1080) / 60 Hz",SSD 512GB
287,Intel Core i5-8265U,6264,$ 1.299.990,8 GB DDR4 (2400 MHz),"LED 14.0"" (1920x1080) / 60 Hz",SSD 256GB
288,Intel Core i5-8265U,6264,$ 1.299.990,8 GB DDR4 (2666 MHz),"LED 14.0"" (1920x1080) táctil / 60 Hz",SSD 512GB
289,Intel Core i5-8265U,6264,$ 1.976.990,8 GB DDR4 (2400 MHz),"LED 14.0"" (1920x1080) / 60 Hz",SSD 512GB
290,Intel Core i5-8265U,6264,$ 2.252.990,8 GB DDR4 (2400 MHz),"LED 13.3"" (1920x1080) táctil / 60 Hz",SSD 1TB
291,Intel Core i7-4770HQ,6111,$ 1.449.990,16 GB DDR3L (1600 MHz),"LED 15.4"" (2880x1800) / 60 Hz",SSD 256GB
292,Intel Core i5-8250U,6078,$ 489.990,4 GB DDR4 (2400 MHz),"LED 15.6"" (1920x1080) / 60 Hz",HDD 1TB (5400rpm)
293,Intel Core i5-8250U,6078,$ 539.990,8 GB DDR4 (2400 MHz),"LED 15.6"" (1920x1080) / 60 Hz",HDD 1TB (5400rpm)
294,Intel Core i5-8250U,6078,$ 599.990,4 GB DDR4 (2400 MHz),"LED 14.0"" (1366x768) / 60 Hz",HDD 1TB (5400rpm)
295,Intel Core i5-8250U,6078,$ 599.990,4 GB DDR4 (2400 MHz),"LED 14.0"" (1366x768) / 60 Hz",HDD 1TB (5400rpm)
296,Intel Core i5-8250U,6078,$ 669.990,4 GB DDR4 (2400 MHz),"LED 15.6"" (1920x1080) / 60 Hz",HDD 1TB (5400rpm)
297,Intel Core i5-8250U,6078,$ 1.299.000,8 GB DDR4 (2400 MHz),"LED 14.0"" (1920x1080) / 60 Hz",SSD 256GB
298,Intel Core i5-8250U,6078,$ 1.499.990,8 GB LPDDR3 (1866 MHz),"LED 12.3"" (2736x1824) táctil / 60 Hz",SSD 256GB
299,Intel Core i5-8250U,6078,$ 1.549.990,8 GB DDR3L (2133 MHz),"LED 13.9"" (3000x2000) táctil / 60 Hz",SSD 256GB
300,Intel Core i7-7660U,6003,$ 1.399.990,16 GB DDR3L (2133 MHz),"LED 13.3"" (2560x1600) / 60 Hz",SSD 512GB
301,Intel Core i7-8550U,5998,$ 629.990,4 GB DDR4 (2400 MHz),"LED 14.0"" (1366x768) / 60 Hz",HDD 1TB (5400rpm)
302,Intel Core i7-8550U,5998,$ 829.990,12 GB DDR4 (2133 MHz),"LED 15.6"" (1366x768) / 60 Hz",SSD 512GB
303,Intel Core i7-8550U,5998,$ 919.990,8 GB DDR3L (1866 MHz),"LED 14.0"" (1920x1080) / 60 Hz",SSD 512GB
304,Intel Core i7-8550U,5998,$ 1.559.990,16 GB DDR3 (2133 MHz),"LED 14.0"" (1920x1080) táctil / 60 Hz",SSD 512GB
305,AMD Ryzen 3 3300U,5871,$ 562.500,4 GB DDR4 (2400 MHz),"LED 14.0"" (1366x768) / 60 Hz",SSD 256GB
306,AMD Ryzen 3 3300U,5871,$ 668.000,4 GB DDR4 (2400 MHz),"LED 14.0"" (1366x768) / 60 Hz",SSD 256GB
307,Intel Pentium Gold 7505,5513,$ 469.990,4 GB DDR4 (3200 MHz),"LED 14.0"" (1366x768) táctil / 60 Hz",SSD 256GB
308,Intel Core i5-1030NG7,5331,$ 1.299.990,8 GB DDR4L (3733 MHz),"LED 13.3"" (2560x1600) / 60 Hz",SSD 512GB
309,Intel Core i3-1005G1,5256,$ 369.990,4 GB DDR4 (2133 MHz),"LED 14.0"" (1366x768) / 60 Hz",SSD 128GB
310,Intel Core i3-1005G1,5256,$ 374.990,4 GB DDR4 (2666 MHz),"LED 14.0"" (1366x768) / 60 Hz",HDD 1TB (5400rpm)
311,Intel Core i3-1005G1,5256,$ 384.990,4 GB DDR4 (2666 MHz),"LED 15.6"" (1366x768) / 60 Hz",SSD 128GB
312,Intel Core i3-1005G1,5256,$ 399.990,4 GB DDR4 (2666 MHz),"LED 14.1"" (1366x768) / 60 Hz",SSD 128GB
313,Intel Core i3-1005G1,5256,$ 419.900,4 GB DDR4 (2933 MHz),"LED 14.0"" (1366x768) / 60 Hz",SSD 256GB
314,Intel Core i3-1005G1,5256,$ 419.990,8 GB LPDDR4X (2400 MHz),"LED 14.0"" (1920x1080) / 60 Hz",SSD 256GB
315,Intel Core i3-1005G1,5256,$ 419.990,4 GB DDR4 (2666 MHz),"LED 14.0"" (1366x768) / 60 Hz",SSD 256GB
316,Intel Core i3-1005G1,5256,$ 419.990,4 GB DDR4 (2666 MHz),"LED 14.0"" (1366x768) / 60 Hz",HDD 1TB (5400rpm)
317,Intel Core i3-1005G1,5256,$ 426.900,4 GB DDR4 (2666 MHz),"LED 14.0"" (1366x768) / 60 Hz",HDD 1TB (5400rpm)
318,Intel Core i3-1005G1,5256,$ 429.990,8 GB DDR4 (2666 MHz),"LED 14.0"" (1920x1080) / 60 Hz",SSD 256GB
319,Intel Core i3-1005G1,5256,$ 429.990,4 GB DDR4 (2666 MHz),"LED 14.0"" (1366x768) / 60 Hz",HDD 1TB (5400rpm)
320,Intel Core i3-1005G1,5256,$ 429.900,4 GB DDR4 (2666 MHz),"LED 14.0"" (1366x768) / 60 Hz",SSD 128GB
321,Intel Core i5-5287U,4667,$ 1.299.990,8 GB DDR3L (1866 MHz),"LED 13.3"" (2560x1600) / 60 Hz",SSD 512GB
322,AMD Ryzen 3 3250U,4339,$ 359.990,4 GB DDR4 (2400 MHz),"LED 14.0"" (1366x768) / 60 Hz",SSD 128GB
323,AMD Ryzen 3 3250U,4339,$ 399.456,4 GB DDR4 (2400 MHz),"LED 14.0"" (1366x768) / 60 Hz",HDD 1TB (5400rpm)
324,AMD Ryzen 3 3250U,4339,$ 419.990,4 GB DDR4 (2400 MHz),"LED 14.0"" (1366x768) / 60 Hz",SSD 128GB
325,AMD Ryzen 3 3250U,4339,$ 419.990,4 GB DDR4 (2400 MHz),"LED 14.0"" (1366x768) / 60 Hz",HDD 1TB (5400rpm)
326,AMD Ryzen 3 3250U,4339,$ 429.990,4 GB DDR4 (2400 MHz),"LED 15.6"" (1920x1080) / 60 Hz",SSD 128GB
327,AMD Ryzen 3 3250U,4339,$ 444.672,8 GB DDR4 (2400 MHz),"LED 15.6"" (1366x768) / 60 Hz",HDD 1TB (5400rpm)
328,AMD Ryzen 3 3250U,4339,$ 449.990,8 GB DDR4 (2400 MHz),"LED 14.0"" (1366x768) / 60 Hz",HDD 1TB (5400rpm)
329,AMD Ryzen 3 3250U,4339,$ 469.990,4 GB DDR4 (2400 MHz),"LED 14.0"" (1366x768) / 60 Hz",HDD 1TB (5400rpm)
330,AMD Ryzen 3 3250U,4339,$ 489.990,8 GB DDR4 (2400 MHz),"LED 14.0"" (1366x768) / 60 Hz",HDD 1TB (5400rpm)
331,Intel Core i3-1000NG4,4326,$ 1.149.990,8 GB DDR4L (3733 MHz),"LED 13.3"" (2560x1600) / 60 Hz",SSD 256GB
332,Intel Core i5-8200Y,4206,$ 725.120,8 GB LPDDR3 (1866 MHz),"LED 14.0"" (1920x1080) táctil / 60 Hz",eMMC 128GB
333,AMD Athlon Gold 3150U,4197,$ 299.990,4 GB DDR4 (2400 MHz),"LED 14.0"" (1920x1080) / 60 Hz",SSD 128GB
334,AMD Athlon Gold 3150U,4197,$ 399.990,8 GB DDR4 (1866 MHz),"LED 15.6"" (1366x768) / 60 Hz",HDD 1TB (5400rpm)
335,Intel Core i3-10110U,4110,$ 389.990,4 GB DDR4 (2666 MHz),"LED 14.0"" (1366x768) / 60 Hz",SSD 128GB
336,Intel Core i3-10110U,4110,$ 399.990,4 GB DDR4 (2666 MHz),"LED 14.0"" (1366x768) / 60 Hz",HDD 1TB (5400rpm)
337,Intel Core i3-10110U,4110,$ 429.990,4 GB DDR4 (2666 MHz),"LED 15.6"" (1366x768) / 60 Hz",SSD 128GB
338,Intel Core i3-10110U,4110,$ 439.990,4 GB DDR4 (2666 MHz),"LED 14.0"" (1366x768) / 60 Hz",Intel Optane 16GB
339,Intel Core i3-10110U,4110,$ 469.990,4 GB DDR4 (2666 MHz),"LED 14.0"" (1366x768) / 60 Hz",HDD 1TB (5400rpm)
340,Intel Core i3-10110U,4110,$ 484.990,4 GB DDR4 (2666 MHz),"LED 14.0"" (1366x768) / 60 Hz",HDD 1TB (5400rpm)
341,Intel Core i3-10110U,4110,$ 499.000,8 GB DDR4 (2666 MHz),"LED 15.6"" (1366x768) táctil / 60 Hz",SSD 256GB
342,Intel Core i3-10110U,4110,$ 504.390,12 GB DDR4 (2133 MHz),"LED 15.6"" (1920x1080) / 60 Hz",SSD 256GB
343,Intel Core i3-10110U,4110,$ 504.990,4 GB DDR4 (2666 MHz),"LED 14.0"" (1920x1080) / 60 Hz",SSD 256GB
344,Intel Core i3-10110U,4110,$ 509.990,8 GB DDR4 (2400 MHz),"LED 15.6"" (1920x1080) / 60 Hz",SSD 512GB
345,Intel Core i3-10110U,4110,$ 529.900,4 GB DDR4 (2666 MHz),"LED 14.0"" (1920x1080) / 60 Hz",SSD 256GB
346,Intel Core i3-10110U,4110,$ 529.990,8 GB DDR4 (3200 MHz),"LED 15.6"" (1920x1080) / 60 Hz",SSD 512GB
347,AMD Ryzen 3 3200U,4099,$ 479.990,4 GB DDR4 (2400 MHz),"LED 14.0"" (1366x768) / 60 Hz",SSD 256GB
348,AMD Ryzen 3 3200U,4099,$ 499.990,8 GB DDR4 (2400 MHz),"LED 14.0"" (1366x768) / 60 Hz",HDD 1TB (5400rpm)
349,Intel Core i5-3210M,3878,$ 649.990,4 GB DDR3 (1600 MHz),"LED 13.3"" (1280x800) / 60 Hz",HDD 500GB (5400rpm)
350,Intel Core i5-3320M,3764,$ 369.000,4 GB DDR3 (1600 MHz),"LED 14.0"" (1366x768) / 60 Hz",SSD 320GB
351,Intel Core i3-8145U,3711,$ 499.990,4 GB DDR4 (2400 MHz),"LED 13.3"" (1920x1080) táctil / 60 Hz",SSD 128GB
352,Intel Core i3-8145U,3711,$ 749.900,8 GB DDR4 (2666 MHz),"LED 14.0"" (1366x768) / 60 Hz",SSD 256GB
353,Intel Core i7-7500U,3665,$ 619.000,12 GB DDR4 (2400 MHz),"LED 14.0"" (1920x1080) / 60 Hz",SSD 256GB
354,Intel Core i7-7500U,3665,$ 799.990,8 GB DDR4 (2133 MHz),"LED 14.0"" (1920x1080) / 60 Hz",SSD 128GB
355,Intel Core i3-8130U,3648,$ 459.990,8 GB DDR4 (2400 MHz),"LED 14.0"" (1366x768) / 60 Hz",HDD 1TB (5400rpm)
356,Intel Core i3-8130U,3648,$ 699.990,4 GB DDR4 (2400 MHz),"LED 14.0"" (1366x768) / 60 Hz",HDD 1TB (5400rpm)
357,Intel Core i7-6600U,3563,$ 599.000,8 GB DDR4 (2133 MHz),"LED 14.0"" (1920x1080) / 60 Hz",SSD 256GB
358,Intel Core i7-6600U,3563,$ 650.000,8 GB DDR3L (1600 MHz),"LED 14.0"" (1366x768) / 60 Hz",SSD 480GB
359,Intel Core i7-6600U,3563,$ 1.547.968,8 GB DDR4 (2133 MHz),"LED 14.0"" (1920x1080) táctil / 60 Hz",SSD 512GB
360,Intel Core i7-6600U,3563,$ 1.570.914,8 GB DDR4 (2133 MHz),"LED 14.0"" (1920x1080) / 60 Hz",SSD 512GB
361,Intel Core i7-6660U,3523,$ 489.000,8 GB DDR3 (1600 MHz),"LED 15.6"" (1920x1080) / 60 Hz",SSD 256GB
362,Intel Core i7-6660U,3523,$ 499.990,8 GB DDR4 (2400 MHz),"LED 15.6"" (1920x1080) / 60 Hz",SSD 256GB
363,Intel Core i5-7200U,3396,$ 699.990,4 GB DDR4 (2400 MHz),"LED 14.0"" (1366x768) / 60 Hz",HDD 500GB (5400rpm)
364,Intel Core i5-L16G7,3307,$ 2.379.990,8 GB DDR4 (4267 MHz),"LED 13.3"" (2048x1536) táctil / 60 Hz",SSD 256GB
365,Intel Core i5-L16G7,3307,$ 2.679.990,8 GB DDR4 (4267 MHz),"LED 13.3"" (2048x1536) táctil / 60 Hz",SSD 512GB
366,Intel Core i5-L16G7,3307,$ 2.729.990,8 GB DDR4 (4267 MHz),"LED 13.3"" (2048x1536) táctil / 60 Hz",SSD 1TB
367,Intel Core i5-4330M,3208,$ 699.000,16 GB DDR3L (1600 MHz),"LED 17.3"" (1600x900) / 60 Hz",HDD 500GB (7200rpm)
368,Intel Core M3-8100Y,3027,$ 1.124.990,8 GB DDR4 (2133 MHz),"LED 10.5"" (1920x1280) táctil / 60 Hz",SSD 128GB
369,Intel Core i5-6200U,3020,$ 649.900,8 GB DDR3 (1600 MHz),"LED 15.6"" (1366x768) / 60 Hz",SSD 256GB
370,AMD Athlon Silver 3050e,3010,$ 349.990,4 GB DDR4 (2400 MHz),"LED 14.0"" (1366x768) / 60 Hz",SSD 128GB
