id,name,type,price,today,diff price,diff percent,screen,size,hearth rate,waterproof,conectividad,url,23/11/21,24/11/21,25/11/21,26/11/21,28/11/21,29/11/21,30/11/21,01/12/21,02/12/21,03/12/21,05/12/21,06/12/21,07/12/21,08/12/21,09/12/21,12/12/21,13/12/21,14/12/21,15/12/21,16/12/21,17/12/21,18/12/21,19/12/21,20/12/21,21/12/21,22/12/21,23/12/21,24/12/21,27/12/21,28/12/21,29/12/21,30/12/21,31/12/21,02/01/22
59513,Apple Watch 3 42mm - Silver (MTF22CL/A),Smartwatch,220596,199990,-20606,9,OLED táctil (312x390 px.),M,Sí,Sí,"Bluetooth Low Energy (LE) 4.2
NFC
Wi-Fi",https://www.solotodo.cl/products/59513-apple-watch-3-42mm-silver-mtf22cla,219990,229990,229990,229990,219990,219990,219990,229990,229990,229990,229990,229990,229990,229990,229990,229990,229990,229990,229990,229990,229990,229990,229990,229990,199990,199990,199990,199990,199990,199990,199990,199990,199990,199990
127003,Apple Watch Series 7 41mm (GPS / Aluminium Case / Red),Smartwatch,447218,413390,-33828,8,"Retina LTPO OLED 1,7"" táctil (352x430 px.)",M,Sí,Sí,"Bluetooth Low Energy (LE) 5.0
NFC
Wi-Fi",https://www.solotodo.cl/products/127003-apple-watch-series-7-41mm-gps-aluminium-case-red,,,,,,,,,,,,,,,,479990,479990,479990,479990,479990,479990,479990,479990,479990,422890,413390,413390,413390,413390,413390,413390,413390,413390,413390
127016,Apple Watch Series 7 Nike+ 45mm (GPS / Aluminium Case / Starlight),Smartwatch,480306,444490,-35816,7,"Retina LTPO OLED 1.9"" táctil (396x484 px.)",M,Sí,Sí,"Bluetooth Low Energy (LE) 5.0
NFC
Wi-Fi",https://www.solotodo.cl/products/127016-apple-watch-series-7-nike-45mm-gps-aluminium-case-starlight,,,,,,,,,,,,,,,,514990,514990,514990,514990,514990,514990,514990,514990,514990,454680,444490,444490,444490,444490,444490,444490,444490,444490,444490
91435,Apple Watch SE Nike 40mm (GPS Only / Sport Band / Space Gray / Anthracite Black) [MYYF2BE/A],Smartwatch,311763,289090,-22673,7,"Retina LTPO OLED 1,6"" táctil (324x394 px.)",M,Sí,Sí,"Bluetooth Low Energy (LE) 5.0
NFC
Wi-Fi",https://www.solotodo.cl/products/91435-apple-watch-se-nike-40mm-gps-only-sport-band-space-gray-anthracite-black-myyf2bea,319990,319990,319990,319990,319990,319990,319990,319990,319990,319990,319990,319990,319990,319990,319990,319990,319990,319990,319990,319990,319990,319990,319990,319990,295700,289090,289090,289090,289090,289090,289090,289090,289090,289090
127887,Apple Watch Series 7 45mm (GPS + Cellular / Midnight Aluminium Case / Midnight),Smartwatch,604990,579990,-25000,4,"Retina LTPO OLED 1.9"" táctil (396x484 px.)",M,Sí,Sí,"Bluetooth Low Energy (LE) 5.0
LTE
NFC
Wi-Fi",https://www.solotodo.cl/products/127887-apple-watch-series-7-45mm-gps-cellular-midnight-aluminium-case-midnight,,,,,,,,,,,,,,,,,,,,,,,,,619990,619990,619990,619990,619990,,579990,579990,579990,579990
127009,Apple Watch Series 7 45mm (GPS / Aluminium Case / Blue),Smartwatch,462849,444490,-18359,4,"Retina LTPO OLED 1.9"" táctil (396x484 px.)",M,Sí,Sí,"Bluetooth Low Energy (LE) 5.0
NFC
Wi-Fi",https://www.solotodo.cl/products/127009-apple-watch-series-7-45mm-gps-aluminium-case-blue,,,,,,,,,,,,,,,,449990,449990,449990,449990,449990,449990,,,,499990,499990,499990,499990,454680,454680,444490,444490,444490,444490
125620,Apple Watch SE 44mm (GPS Only / Sport Band / Space Gray / Midnight),Smartwatch,349990,339990,-10000,3,"Retina LTPO OLED 1,8"" táctil (368x448 px.)",M,Sí,Sí,"Bluetooth Low Energy (LE) 5.0
NFC
Wi-Fi",https://www.solotodo.cl/products/125620-apple-watch-se-44mm-gps-only-sport-band-space-gray-midnight,349990,349990,349990,349990,359990,359990,359990,359990,359990,359990,,339990,,339990,339990,339990,339990,349990,349990,349990,349990,349990,349990,349990,349990,349990,349990,349990,349990,349990,349990,349990,339990,339990
90287,Apple Watch 6 40mm (GPS + Cellular / Sport Band / Silver) [M06M3BE/A],Smartwatch,490293,479990,-10303,2,"Retina LTPO OLED 1,8"" táctil (368x448 px.)",M,Sí,Sí,"Bluetooth Low Energy (LE) 5.0
NFC
Wi-Fi",https://www.solotodo.cl/products/90287-apple-watch-6-40mm-gps-cellular-sport-band-silver-m06m3bea,479990,499990,499990,499990,459990,459990,459990,499990,499990,499990,499990,499990,499990,499990,499990,499990,499990,499990,499990,499990,499990,489990,489990,439990,489990,489990,489990,489990,489990,489990,489990,489990,479990,479990
127007,Apple Watch Series 7 45mm (GPS / Aluminium Case / Green),Smartwatch,464323,454680,-9643,2,"Retina LTPO OLED 1.9"" táctil (396x484 px.)",M,Sí,Sí,"Bluetooth Low Energy (LE) 5.0
NFC
Wi-Fi",https://www.solotodo.cl/products/127007-apple-watch-series-7-45mm-gps-aluminium-case-green,,,,,,,,,,,,,,,,449990,449990,449990,449990,449990,449990,449990,449990,449990,479990,479990,479990,479990,479990,479990,479990,479990,467990,454680
127001,Apple Watch Series 7 41mm (GPS / Aluminium Case / Green) [MKN03BE/A],Smartwatch,408323,399990,-8333,2,"Retina LTPO OLED 1,7"" táctil (352x430 px.)",M,Sí,Sí,"Bluetooth Low Energy (LE) 5.0
NFC
Wi-Fi",https://www.solotodo.cl/products/127001-apple-watch-series-7-41mm-gps-aluminium-case-green-mkn03bea,,,,,,,,,,,,,,,,409990,409990,409990,409990,409990,409990,409990,409990,409990,409990,409990,409990,409990,409990,409990,399990,399990,399990,399990
91432,Apple Watch SE 44mm (GPS Only / Sport Band / Silver) [MYDQ2BE/A],Smartwatch,295748,289990,-5758,2,"Retina LTPO OLED 1,8"" táctil (368x448 px.)",M,Sí,Sí,"Bluetooth Low Energy (LE) 5.0
NFC
Wi-Fi",https://www.solotodo.cl/products/91432-apple-watch-se-44mm-gps-only-sport-band-silver-mydq2bea,299990,299990,299990,299990,279990,279990,279990,279990,279990,279990,299990,299990,299990,299990,299990,299990,299990,299990,299990,299990,289990,299990,299990,299990,299990,299990,299990,299990,299990,299990,299990,299990,289990,289990
127014,Apple Watch Series 7 41mm (GPS + Cellular / Aluminium Case / Starlight),Smartwatch,560704,549990,-10714,2,"Retina LTPO OLED 1,7"" táctil (352x430 px.)",M,Sí,Sí,"Bluetooth Low Energy (LE) 5.0
LTE
NFC
Wi-Fi",https://www.solotodo.cl/products/127014-apple-watch-series-7-41mm-gps-cellular-aluminium-case-starlight,,,,,,,,,,,,,,,,579990,,,,,579990,579990,579990,579990,549990,549990,549990,549990,549990,549990,549990,549990,549990,549990
125621,Apple Watch SE 40mm (GPS Only / Sport Band / Space Gray / Midnight),Smartwatch,284838,279990,-4848,2,"Retina LTPO OLED 1,6"" táctil (324x394 px.)",M,Sí,Sí,"Bluetooth Low Energy (LE) 5.0
NFC
Wi-Fi",https://www.solotodo.cl/products/125621-apple-watch-se-40mm-gps-only-sport-band-space-gray-midnight,279990,289990,289990,289990,259990,259990,289990,279990,289990,289990,289990,289990,289990,289990,289990,289990,289990,289990,289990,289990,289990,289990,289990,289990,279990,279990,279990,279990,279990,279990,279990,279990,279990,279990
125295,Apple Watch SE 44mm (GPS Only / Sport Band / Gold / Starlight),Smartwatch,305151,299990,-5161,2,"Retina LTPO OLED 1,8"" táctil (368x448 px.)",M,Sí,Sí,"Bluetooth Low Energy (LE) 5.0
NFC
Wi-Fi",https://www.solotodo.cl/products/125295-apple-watch-se-44mm-gps-only-sport-band-gold-starlight,319990,319990,319990,319990,319990,319990,319990,319990,299990,299990,299990,299990,299990,299990,299990,299990,299990,299990,299990,299990,299990,299990,,,299990,299990,299990,299990,299990,299990,299990,299990,299990,299990
92060,Apple Watch SE 44mm (GPS + Cellular / Sport Band / Silver) [MYEV2BE/A],Smartwatch,374123,369990,-4133,1,"Retina LTPO OLED 1,8"" táctil (368x448 px.)",M,Sí,Sí,"Bluetooth Low Energy (LE) 5.0
GSM
LTE
NFC
Wi-Fi",https://www.solotodo.cl/products/92060-apple-watch-se-44mm-gps-cellular-sport-band-silver-myev2bea,379990,379990,379990,379990,379990,379990,379990,378290,378290,378290,378290,378290,378290,378290,378290,369990,369990,369990,369990,369990,369990,369990,369990,369990,369990,369990,369990,369990,369990,369990,369990,369990,369990,369990
91669,Apple Watch 6 44mm (GPS Only / Sport Band / Product RED) [M00M3BE/A],Smartwatch,403626,399990,-3636,1,"Retina LTPO OLED 1,8"" táctil (368x448 px.)",M,Sí,Sí,"Bluetooth Low Energy (LE) 5.0
NFC
Wi-Fi",https://www.solotodo.cl/products/91669-apple-watch-6-44mm-gps-only-sport-band-product-red-m00m3bea,399990,429990,429990,429990,399990,399990,399990,429990,399990,399990,399990,399990,399990,399990,399990,399990,399990,399990,399990,399990,399990,399990,399990,399990,399990,399990,399990,399990,399990,399990,399990,399990,399990,399990
127888,Apple Watch Series 7 45mm (GPS / Red Aluminium Case / Red),Smartwatch,453323,449990,-3333,1,"Retina LTPO OLED 1.9"" táctil (396x484 px.)",M,Sí,Sí,"Bluetooth Low Energy (LE) 5.0
NFC
Wi-Fi",https://www.solotodo.cl/products/127888-apple-watch-series-7-45mm-gps-red-aluminium-case-red,,,,,,,,,,,,,,,,,,,,,,,,,479990,449990,449990,449990,449990,449990,449990,449990,449990,449990
127004,Apple Watch Series 7 41mm (GPS / Aluminium Case / Blue),Smartwatch,412929,409990,-2939,1,"Retina LTPO OLED 1,7"" táctil (352x430 px.)",M,Sí,Sí,"Bluetooth Low Energy (LE) 5.0
NFC
Wi-Fi",https://www.solotodo.cl/products/127004-apple-watch-series-7-41mm-gps-aluminium-case-blue,,,,,,,,,,,,,,,,409990,409990,409990,409990,409990,409990,409990,409990,409990,409990,409990,429990,429990,422890,409990,409990,409990,409990,409990
91434,Apple Watch SE 40mm (GPS + Cellular / Sport Band / Space Gray) [MYEK2BE/A],Smartwatch,342220,339990,-2230,1,"Retina LTPO OLED 1,6"" táctil (324x394 px.)",M,Sí,Sí,"Bluetooth Low Energy (LE) 5.0
GSM
LTE
NFC
Wi-Fi",https://www.solotodo.cl/products/91434-apple-watch-se-40mm-gps-cellular-sport-band-space-gray-myek2bea,339990,339990,339990,339990,339990,339990,339990,349190,349190,349190,349190,349190,349190,349190,349190,339990,339990,339990,339990,339990,339990,339990,339990,339990,339990,339990,339990,339990,339990,339990,339990,339990,339990,339990
91431,Apple Watch SE 40mm (GPS + Cellular / Sport Band / Silver) [MYEF2BE/A],Smartwatch,341942,339990,-1952,1,"Retina LTPO OLED 1,6"" táctil (324x394 px.)",M,Sí,Sí,"Bluetooth Low Energy (LE) 5.0
GSM
LTE
NFC
Wi-Fi",https://www.solotodo.cl/products/91431-apple-watch-se-40mm-gps-cellular-sport-band-silver-myef2bea,339990,339990,339990,339990,339990,339990,339990,339990,349190,349190,349190,349190,349190,349190,349190,339990,339990,339990,339990,339990,339990,339990,339990,339990,339990,339990,339990,339990,339990,339990,339990,339990,339990,339990
69133,Apple Watch 5 44mm - Silver (MWVD2CI/A),Smartwatch,420899,419990,-909,0,"OLED 1,8"" táctil (368x448 px.)",M,Sí,Sí,"Bluetooth Low Energy (LE) 5.0
NFC
Wi-Fi",https://www.solotodo.cl/products/69133-apple-watch-5-44mm-silver-mwvd2cia,409990,409990,409990,409990,409990,409990,409990,409990,409990,409990,409990,409990,409990,409990,409990,429990,429990,429990,429990,429990,429990,429990,429990,429990,429990,429990,429990,429990,429990,429990,429990,429990,429990,419990
127883,Apple Watch Series 7 45mm (GPS / Starlight Aluminium Case / Starlight),Smartwatch,470664,469990,-674,0,"Retina LTPO OLED 1.9"" táctil (396x484 px.)",M,Sí,Sí,"Bluetooth Low Energy (LE) 5.0
NFC
Wi-Fi",https://www.solotodo.cl/products/127883-apple-watch-series-7-45mm-gps-starlight-aluminium-case-starlight,,,,,,,,,,,,,,,,,,,,,,,,,473024,473024,469990,469990,469990,469990,469990,469990,469990,469990
88316,Apple Watch 6 44mm (GPS + Cellular / Sport Band / Product RED) [M09C3BE/A],Smartwatch,529990,529990,0,0,"Retina LTPO OLED 1,8"" táctil (368x448 px.)",M,Sí,Sí,"Bluetooth Low Energy (LE) 5.0
NFC
Wi-Fi",https://www.solotodo.cl/products/88316-apple-watch-6-44mm-gps-cellular-sport-band-product-red-m09c3bea,529990,529990,529990,529990,529990,529990,529990,529990,529990,529990,529990,529990,529990,529990,529990,529990,529990,529990,529990,529990,529990,529990,529990,529990,529990,529990,529990,529990,529990,529990,529990,529990,529990,529990
90286,Apple Watch 6 40mm (GPS + Cellular / Sport Band / Blue) [M06Q3BE/A],Smartwatch,499990,499990,0,0,"Retina LTPO OLED 1,8"" táctil (368x448 px.)",M,Sí,Sí,"Bluetooth Low Energy (LE) 5.0
NFC
Wi-Fi",https://www.solotodo.cl/products/90286-apple-watch-6-40mm-gps-cellular-sport-band-blue-m06q3bea,499990,499990,499990,499990,499990,499990,499990,499990,499990,499990,499990,499990,499990,499990,499990,499990,499990,499990,499990,499990,499990,499990,499990,499990,499990,499990,499990,499990,499990,499990,499990,499990,499990,499990
126796,Apple Watch SE 40mm (GPS + Cellular / Sport Loop / Silver / Abyss Blue Moss Green),Smartwatch,339990,339990,0,0,"Retina LTPO OLED 1,6"" táctil (324x394 px.)",M,Sí,Sí,"Bluetooth Low Energy (LE) 5.0
GSM
LTE
NFC
Wi-Fi",https://www.solotodo.cl/products/126796-apple-watch-se-40mm-gps-cellular-sport-loop-silver-abyss-blue-moss-green,,,,,,,,,,,,,,339990,339990,339990,339990,339990,339990,339990,339990,339990,,,339990,339990,339990,339990,339990,339990,339990,339990,339990,339990
127885,Apple Watch Series 7 Nike+ 45mm (GPS / Midnight Aluminium Case / Anthracite Black),Smartwatch,499990,499990,0,0,"Retina LTPO OLED 1.9"" táctil (396x484 px.)",M,Sí,Sí,"Bluetooth Low Energy (LE) 5.0
NFC
Wi-Fi",https://www.solotodo.cl/products/127885-apple-watch-series-7-nike-45mm-gps-midnight-aluminium-case-anthracite-black,,,,,,,,,,,,,,,,,,,,,,,,,499990,499990,499990,499990,499990,,,499990,499990,499990
91433,Apple Watch SE Nike 44mm (GPS Only / Sport Band / Space Gray / Anthracite Black),Smartwatch,349990,349990,0,0,"Retina LTPO OLED 1,8"" táctil (368x448 px.)",M,Sí,Sí,"Bluetooth Low Energy (LE) 5.0
NFC
Wi-Fi",https://www.solotodo.cl/products/91433-apple-watch-se-nike-44mm-gps-only-sport-band-space-gray-anthracite-black,349990,349990,349990,349990,,,,,,,,,,,,,,,,,,,,,,,,,,,349990,349990,349990,349990
125619,Apple Watch SE 40mm (GPS + Cellular / Sport Band / Space Gray / Midnight),Smartwatch,339990,339990,0,0,"Retina LTPO OLED 1,6"" táctil (324x394 px.)",M,Sí,Sí,"Bluetooth Low Energy (LE) 5.0
GSM
LTE
NFC
Wi-Fi",https://www.solotodo.cl/products/125619-apple-watch-se-40mm-gps-cellular-sport-band-space-gray-midnight,339990,339990,339990,339990,339990,339990,339990,339990,339990,339990,339990,339990,339990,339990,339990,339990,339990,339990,339990,339990,339990,339990,,,339990,339990,339990,339990,339990,339990,339990,339990,339990,339990
126793,Apple Watch SE 44mm (GPS + Cellular / Sport Loop / Gold / Maize White),Smartwatch,369990,369990,0,0,"Retina LTPO OLED 1,8"" táctil (368x448 px.)",M,Sí,Sí,"Bluetooth Low Energy (LE) 5.0
GSM
LTE
NFC
Wi-Fi",https://www.solotodo.cl/products/126793-apple-watch-se-44mm-gps-cellular-sport-loop-gold-maize-white,,,,,,,,,,,,,,369990,369990,369990,369990,369990,,,,,,,,,,,369990,369990,369990,369990,369990,369990
88107,Apple Watch 6 40mm (GPS + Cellular / Sport Band / Product RED) [M06R3BE/A],Smartwatch,499990,499990,0,0,"Retina LTPO OLED 1,8"" táctil (368x448 px.)",M,Sí,Sí,"Bluetooth Low Energy (LE) 5.0
NFC
Wi-Fi",https://www.solotodo.cl/products/88107-apple-watch-6-40mm-gps-cellular-sport-band-product-red-m06r3bea,499990,499990,499990,499990,499990,499990,499990,499990,499990,499990,499990,499990,499990,499990,499990,499990,499990,499990,499990,499990,499990,499990,499990,499990,499990,499990,499990,499990,499990,499990,499990,499990,499990,499990
127005,Apple Watch Series 7 41mm (GPS / Aluminium Case / Midnight Blue),Smartwatch,409990,409990,0,0,"Retina LTPO OLED 1,7"" táctil (352x430 px.)",M,Sí,Sí,"Bluetooth Low Energy (LE) 5.0
NFC
Wi-Fi",https://www.solotodo.cl/products/127005-apple-watch-series-7-41mm-gps-aluminium-case-midnight-blue,,,,,,,,,,,,,,,,409990,409990,409990,409990,409990,409990,409990,409990,409990,409990,409990,409990,409990,409990,409990,409990,409990,409990,409990
126795,Apple Watch SE 40mm (GPS + Cellular / Sport Band / Silver / Abyss Blue),Smartwatch,339990,339990,0,0,"Retina LTPO OLED 1,6"" táctil (324x394 px.)",M,Sí,Sí,"Bluetooth Low Energy (LE) 5.0
GSM
LTE
NFC
Wi-Fi",https://www.solotodo.cl/products/126795-apple-watch-se-40mm-gps-cellular-sport-band-silver-abyss-blue,,,,,,,,,,,,,,339990,339990,339990,339990,339990,339990,339990,339990,339990,,,339990,339990,339990,339990,339990,339990,339990,339990,339990,339990
124330,Apple Watch SE 40mm (GPS + Cellular / Sport Loop / Space Gray / Tornado Gray),Smartwatch,339990,339990,0,0,"Retina LTPO OLED 1,6"" táctil (324x394 px.)",M,Sí,Sí,"Bluetooth Low Energy (LE) 5.0
GSM
LTE
NFC
Wi-Fi",https://www.solotodo.cl/products/124330-apple-watch-se-40mm-gps-cellular-sport-loop-space-gray-tornado-gray,339990,339990,339990,339990,339990,339990,339990,339990,339990,339990,339990,339990,339990,339990,339990,339990,339990,339990,339990,339990,339990,339990,,,339990,339990,339990,339990,339990,339990,339990,339990,339990,339990
91814,Apple Watch SE Nike 40mm (GPS Only / Sport Band / Silver / Pure Platinum Black),Smartwatch,289990,289990,0,0,"Retina LTPO OLED 1,6"" táctil (324x394 px.)",M,Sí,Sí,"Bluetooth Low Energy (LE) 5.0
NFC
Wi-Fi",https://www.solotodo.cl/products/91814-apple-watch-se-nike-40mm-gps-only-sport-band-silver-pure-platinum-black,289990,289990,289990,289990,289990,289990,289990,289990,289990,289990,289990,289990,289990,289990,289990,289990,289990,289990,289990,289990,289990,289990,289990,289990,289990,289990,289990,289990,289990,289990,289990,289990,289990,289990
125591,Apple Watch SE 40mm (GPS + Cellular / Sport Loop / Gold / Maize),Smartwatch,339990,339990,0,0,"Retina LTPO OLED 1,6"" táctil (324x394 px.)",M,Sí,Sí,"Bluetooth Low Energy (LE) 5.0
GSM
LTE
NFC
Wi-Fi",https://www.solotodo.cl/products/125591-apple-watch-se-40mm-gps-cellular-sport-loop-gold-maize,339990,339990,339990,339990,339990,339990,339990,339990,339990,339990,339990,,,,,,,,,,,,,,,339990,339990,339990,339990,339990,339990,339990,339990,339990
127886,Apple Watch Series 7 41mm (GPS + Cellular / Midnight Aluminium Case / Midnight),Smartwatch,579990,579990,0,0,"Retina LTPO OLED 1,7"" táctil (352x430 px.)",M,Sí,Sí,"Bluetooth Low Energy (LE) 5.0
LTE
NFC
Wi-Fi",https://www.solotodo.cl/products/127886-apple-watch-series-7-41mm-gps-cellular-midnight-aluminium-case-midnight,,,,,,,,,,,,,,,,,,,,,,,,,579990,579990,579990,579990,579990,579990,579990,579990,579990,579990
91430,Apple Watch SE Nike 44mm (GPS Only / Sport Band / Silver / Pure Platinum Black) [MYYH2BE/A],Smartwatch,341918,341940,22,-0,"Retina LTPO OLED 1,8"" táctil (368x448 px.)",M,Sí,Sí,"Bluetooth Low Energy (LE) 5.0
NFC
Wi-Fi",https://www.solotodo.cl/products/91430-apple-watch-se-nike-44mm-gps-only-sport-band-silver-pure-platinum-black-myyh2bea,341940,339940,341940,341940,340970,340970,341940,341940,341940,341940,341940,341940,341940,341940,341940,341940,341940,,,,342990,342940,342940,341990,341940,344078,341990,341940,341940,341940,340940,340940,341940,341940
88109,Apple Watch 6 40mm (GPS + Cellular / Sport Band / Pink Sand) [M06N3BE/A],Smartwatch,499384,499990,606,-0,"Retina LTPO OLED 1,8"" táctil (368x448 px.)",M,Sí,Sí,"Bluetooth Low Energy (LE) 5.0
GSM
LTE
NFC
Wi-Fi",https://www.solotodo.cl/products/88109-apple-watch-6-40mm-gps-cellular-sport-band-pink-sand-m06n3bea,479990,499990,499990,499990,499990,499990,499990,499990,499990,499990,499990,499990,499990,499990,499990,499990,499990,499990,499990,499990,499990,499990,499990,499990,499990,499990,499990,499990,499990,499990,499990,499990,499990,499990
127002,Apple Watch Series 7 41mm (GPS / Aluminium Case / Starlight),Smartwatch,429418,429990,572,-0,"Retina LTPO OLED 1,7"" táctil (352x430 px.)",M,Sí,Sí,"Bluetooth Low Energy (LE) 5.0
NFC
Wi-Fi",https://www.solotodo.cl/products/127002-apple-watch-series-7-41mm-gps-aluminium-case-starlight,,,,,,,,,,,,,,,,449990,449990,449990,409990,409990,409990,409990,459990,449990,422890,413390,413390,429990,429990,429990,429990,429990,429990,429990
88378,Apple Watch SE 40mm (GPS Only / Sport Band / Silver) [MYDM2BE/A],Smartwatch,283428,284990,1562,-1,"Retina LTPO OLED 1,6"" táctil (324x394 px.)",M,Sí,Sí,"Bluetooth Low Energy (LE) 5.0
NFC
Wi-Fi",https://www.solotodo.cl/products/88378-apple-watch-se-40mm-gps-only-sport-band-silver-mydm2bea,269990,269990,269990,269990,269990,269990,269990,279990,279990,279990,279990,279990,289990,289990,289990,290990,290990,290990,290990,290990,290990,290990,290990,290990,279990,289990,289990,,290990,284990,284990,284990,284990,284990
88374,Apple Watch SE 44mm (GPS Only / Sport Band / Space Gray) [MYDT2BE/A],Smartwatch,316651,319990,3339,-1,"Retina LTPO OLED 1,8"" táctil (368x448 px.)",M,Sí,Sí,"Bluetooth Low Energy (LE) 5.0
NFC
Wi-Fi",https://www.solotodo.cl/products/88374-apple-watch-se-44mm-gps-only-sport-band-space-gray-mydt2bea,319990,319990,319990,319990,319990,319990,319990,319990,299990,299990,299990,299990,299990,299990,329790,319990,319990,319990,319990,319990,319990,319990,319990,319990,319990,319990,319990,319990,319990,319990,319990,319990,319990,319990
124734,Apple Watch SE 40mm (GPS Only / Sport Band / Silver / Abyss Blue),Smartwatch,286657,289990,3333,-1,"Retina LTPO OLED 1,6"" táctil (324x394 px.)",M,Sí,Sí,"Bluetooth Low Energy (LE) 5.0
NFC
Wi-Fi",https://www.solotodo.cl/products/124734-apple-watch-se-40mm-gps-only-sport-band-silver-abyss-blue,279990,289990,289990,289990,259990,259990,259990,289990,289990,289990,289990,289990,289990,289990,289990,289990,289990,289990,289990,289990,289990,289990,289990,289990,289990,289990,289990,289990,279990,289990,289990,289990,289990,289990
124735,Apple Watch SE 40mm (GPS Only / Sport Band / Gold / Starlight),Smartwatch,286051,289990,3939,-1,"Retina LTPO OLED 1,6"" táctil (324x394 px.)",M,Sí,Sí,"Bluetooth Low Energy (LE) 5.0
NFC
Wi-Fi",https://www.solotodo.cl/products/124735-apple-watch-se-40mm-gps-only-sport-band-gold-starlight,269990,289990,289990,289990,259990,259990,289990,279990,289990,289990,289990,289990,289990,289990,289990,289990,289990,289990,289990,289990,289990,279990,279990,279990,279990,289990,289990,289990,289990,289990,289990,289990,289990,289990
88318,Apple Watch 6 44mm (GPS + Cellular / Sport Band / Silver) [MG2C3BE/A],Smartwatch,519081,529990,10909,-2,"Retina LTPO OLED 1,8"" táctil (368x448 px.)",M,Sí,Sí,"Bluetooth Low Energy (LE) 5.0
NFC
Wi-Fi",https://www.solotodo.cl/products/88318-apple-watch-6-44mm-gps-cellular-sport-band-silver-mg2c3bea,529990,529990,399990,529990,529990,529990,529990,529990,529990,529990,519990,519990,519990,519990,519990,519990,519990,519990,519990,519990,519990,519990,519990,519990,519990,519990,519990,519990,519990,519990,519990,519990,519990,529990
126998,Apple Watch Series 7 45mm (GPS / Aluminium Case / Midnight Blue),Smartwatch,489323,499990,10667,-2,"Retina LTPO OLED 1.9"" táctil (396x484 px.)",M,Sí,Sí,"Bluetooth Low Energy (LE) 5.0
NFC
Wi-Fi",https://www.solotodo.cl/products/126998-apple-watch-series-7-45mm-gps-aluminium-case-midnight-blue,,,,,,,,,,,,,,,,449990,449990,449990,,,449990,519990,519990,519990,519990,519990,469990,,499990,499990,499990,499990,469990,499990
124732,Apple Watch SE 44mm (GPS Only / Sport Band / Silver / Abyss Blue),Smartwatch,332414,339990,7576,-2,"Retina LTPO OLED 1,8"" táctil (368x448 px.)",M,Sí,Sí,"Bluetooth Low Energy (LE) 5.0
NFC
Wi-Fi",https://www.solotodo.cl/products/124732-apple-watch-se-44mm-gps-only-sport-band-silver-abyss-blue,319990,319990,319990,319990,319990,319990,319990,319990,299990,299990,299990,299990,299990,299990,299990,299990,299990,369990,369990,369990,369990,369990,369990,369990,369990,369990,339990,339990,339990,339990,339990,339990,339990,339990
88106,Apple Watch 6 40mm (GPS Only / Sport Band / Pink Sand) [MG123BE/A],Smartwatch,671552,689990,18438,-3,"Retina LTPO OLED 1,8"" táctil (368x448 px.)",M,Sí,Sí,"Bluetooth Low Energy (LE) 5.0
NFC
Wi-Fi",https://www.solotodo.cl/products/88106-apple-watch-6-40mm-gps-only-sport-band-pink-sand-mg123bea,369990,369990,,699990,699990,699990,699990,699990,689990,689990,689990,689990,689990,689990,689990,689990,689990,689990,689990,689990,689990,689990,689990,689990,689990,689990,689990,689990,689990,689990,689990,689990,689990,689990
127010,Apple Watch Series 7 Nike+ 41mm (GPS / Aluminium Case / Starlight) [MKN33BE/A],Smartwatch,417007,429990,12983,-3,"Retina LTPO OLED 1,7"" táctil (352x430 px.)",M,Sí,Sí,"Bluetooth Low Energy (LE) 5.0
NFC
Wi-Fi",https://www.solotodo.cl/products/127010-apple-watch-series-7-nike-41mm-gps-aluminium-case-starlight-mkn33bea,,,,,,,,,,,,,,,,422890,422890,422890,413390,422890,422890,422890,422890,422890,422890,413390,413390,429990,399990,399990,399990,399990,429990,429990
88108,Apple Watch 6 40mm (GPS + Cellular / Sport Band / Aluminium Dial / Space Gray) [M06P3BE/A],Smartwatch,484445,499990,15545,-3,"Retina LTPO OLED 1,8"" táctil (368x448 px.)",M,Sí,Sí,"Bluetooth Low Energy (LE) 5.0
NFC
Wi-Fi",https://www.solotodo.cl/products/88108-apple-watch-6-40mm-gps-cellular-sport-band-aluminium-dial-space-gray-m06p3bea,499990,499990,499990,499990,499990,499990,499990,499990,499990,499990,469990,469990,469990,469990,469990,398993,398993,398993,499990,499990,499990,499990,499990,439990,499990,499990,499990,499990,499990,499990,499990,499990,499990,499990
92167,Apple Watch SE 44mm (GPS Only / Sport Band / Pink Sand) [MYDR2BE/A],Smartwatch,309445,319990,10545,-3,"Retina LTPO OLED 1,8"" táctil (368x448 px.)",M,Sí,Sí,"Bluetooth Low Energy (LE) 5.0
NFC
Wi-Fi",https://www.solotodo.cl/products/92167-apple-watch-se-44mm-gps-only-sport-band-pink-sand-mydr2bea,251990,299990,299990,299990,299990,299990,299990,299990,299990,299990,299990,299990,299990,299990,299990,319990,319990,319990,319990,319990,319990,319990,319990,319990,319990,319990,319990,319990,319990,319990,319990,319990,319990,319990
88379,Apple Watch 6 40mm (GPS Only / Sport Band / Silver) [MG283BE/A],Smartwatch,379081,399990,20909,-6,"Retina LTPO OLED 1,8"" táctil (368x448 px.)",M,Sí,Sí,"Bluetooth Low Energy (LE) 5.0
NFC
Wi-Fi",https://www.solotodo.cl/products/88379-apple-watch-6-40mm-gps-only-sport-band-silver-mg283bea,369990,369990,369990,369990,369990,369990,389990,369990,369990,369990,369990,369990,369990,369990,369990,369990,369990,369990,379990,379990,379990,379990,379990,389990,379990,449990,379990,379990,379990,389990,389990,389990,399990,399990
88111,Apple Watch 6 40mm (GPS Only / Sport Band / Blue) [MG143BE/A],Smartwatch,376551,397690,21139,-6,"Retina LTPO OLED 1,8"" táctil (368x448 px.)",M,Sí,Sí,"Bluetooth Low Energy (LE) 5.0
NFC
Wi-Fi",https://www.solotodo.cl/products/88111-apple-watch-6-40mm-gps-only-sport-band-blue-mg143bea,369990,349990,349990,349990,349990,349990,349990,369990,369990,369990,369990,369990,369990,369990,369990,387990,369990,369990,387990,387990,387990,387990,387990,387990,387990,387990,387990,387990,397690,397690,397690,397690,397690,397690
91602,Apple Watch 6 Nike 40mm (GPS Only / Sport Band / Silver / Pure Platinum Black),Smartwatch,393929,419990,26061,-7,"Retina LTPO OLED 1,8"" táctil (368x448 px.)",M,Sí,Sí,"Bluetooth Low Energy (LE) 5.0
NFC
Wi-Fi",https://www.solotodo.cl/products/91602-apple-watch-6-nike-40mm-gps-only-sport-band-silver-pure-platinum-black,399990,399990,399990,399990,399990,399990,399990,399990,399990,399990,389990,389990,389990,389990,389990,389990,389990,389990,389990,389990,389990,389990,389990,389990,389990,389990,389990,389990,389990,389990,389990,389990,419990,419990
91670,Apple Watch 6 Nike 40mm (GPS Only / Sport Band / Space Gray / Anthracite Black) (M00X3BE/A),Smartwatch,393626,419990,26364,-7,"Retina LTPO OLED 1,8"" táctil (368x448 px.)",M,Sí,Sí,"Bluetooth Low Energy (LE) 5.0
NFC
Wi-Fi",https://www.solotodo.cl/products/91670-apple-watch-6-nike-40mm-gps-only-sport-band-space-gray-anthracite-black-m00x3bea,399990,399990,399990,399990,399990,399990,399990,399990,399990,399990,379990,389990,389990,389990,389990,389990,389990,389990,389990,389990,389990,389990,389990,389990,389990,389990,389990,389990,389990,389990,389990,389990,419990,419990
69129,Apple Watch 5 40mm - Space Gray (MWV82CI/A),Smartwatch,390596,419990,29394,-8,"OLED 1,6"" táctil (324x394 px.)",M,Sí,Sí,"Bluetooth Low Energy (LE) 5.0
NFC
Wi-Fi",https://www.solotodo.cl/products/69129-apple-watch-5-40mm-space-gray-mwv82cia,379990,379990,379990,379990,379990,379990,379990,379990,379990,379990,349990,349990,349990,349990,349990,409990,409990,409990,409990,409990,409990,409990,409990,409990,409990,409990,409990,409990,389990,389990,409990,409990,409990,419990
88110,Apple Watch 6 40mm (GPS Only / Sport Band / Product RED) [M00A3BE/A],Smartwatch,371808,399990,28182,-8,"Retina LTPO OLED 1,8"" táctil (368x448 px.)",M,Sí,Sí,"Bluetooth Low Energy (LE) 5.0
NFC
Wi-Fi",https://www.solotodo.cl/products/88110-apple-watch-6-40mm-gps-only-sport-band-product-red-m00a3bea,369990,369990,369990,369990,369990,369990,369990,369990,369990,369990,369990,369990,369990,369990,369990,369990,369990,369990,369990,369990,369990,369990,369990,369990,369990,369990,369990,369990,369990,369990,369990,399990,399990,399990
59514,Apple Watch 3 42mm - Space Gray (MTF32CL/A),Smartwatch,213020,229990,16970,-8,OLED táctil (312x390 px.),M,Sí,Sí,"Bluetooth Low Energy (LE) 4.2
NFC
Wi-Fi",https://www.solotodo.cl/products/59514-apple-watch-3-42mm-space-gray-mtf32cla,219990,219990,219990,219990,219990,219990,219990,219990,219990,219990,199990,199990,179990,199990,199990,199990,199990,179990,219990,219990,219990,219990,219990,199990,219990,219990,219990,219990,219990,219990,199990,219990,229990,229990
88112,Apple Watch 6 40mm (GPS Only / Sport Band / Space Gray) [MG133BE/A],Smartwatch,443929,479990,36061,-8,"Retina LTPO OLED 1,8"" táctil (368x448 px.)",M,Sí,Sí,"Bluetooth Low Energy (LE) 5.0
NFC
Wi-Fi",https://www.solotodo.cl/products/88112-apple-watch-6-40mm-gps-only-sport-band-space-gray-mg133bea,399990,399990,399990,399990,449990,449990,449990,449990,449990,449990,449990,449990,449990,449990,449990,449990,449990,449990,449990,449990,449990,449990,449990,449990,449990,449990,449990,449990,449990,449990,449990,449990,449990,479990
88317,Apple Watch 6 44mm (GPS + Cellular / Sport Band / Space Gray) [MG2E3BE/A],Smartwatch,738172,799990,61818,-8,"Retina LTPO OLED 1,8"" táctil (368x448 px.)",M,Sí,Sí,"Bluetooth Low Energy (LE) 5.0
NFC
Wi-Fi",https://www.solotodo.cl/products/88317-apple-watch-6-44mm-gps-cellular-sport-band-space-gray-mg2e3bea,749990,749990,749990,749990,749990,749990,749990,749990,749990,749990,729990,729990,729990,729990,729990,729990,729990,729990,729990,729990,729990,729990,729990,729990,729990,729990,729990,729990,729990,729990,729990,729990,799990,799990
59753,Apple Watch 3 38mm - Space Gray (MTF02CL/A),Smartwatch,183929,199990,16061,-9,"OLED 1.5"" táctil (272x340 px.)",M,Sí,Sí,"Bluetooth Low Energy (LE) 4.2
NFC
Wi-Fi",https://www.solotodo.cl/products/59753-apple-watch-3-38mm-space-gray-mtf02cla,189990,189990,189990,179990,179990,179990,179990,179990,179990,179990,179990,179990,179990,179990,179990,179990,179990,179990,179990,179990,179990,179990,179990,179990,179990,179990,179990,179990,199990,199990,199990,199990,199990,199990
59515,Apple Watch 3 38mm - Silver (MTEY2CL/A),Smartwatch,183626,199990,16364,-9,"OLED 1.5"" táctil (272x340 px.)",M,Sí,Sí,"Bluetooth Low Energy (LE) 4.2
NFC
Wi-Fi",https://www.solotodo.cl/products/59515-apple-watch-3-38mm-silver-mtey2cla,189990,189990,189990,189990,179990,179990,189990,169990,189990,189990,189990,189990,179990,179990,179990,179990,179990,179990,179990,179990,179990,179990,179990,179990,179990,179990,179990,179990,189990,189990,179990,189990,189990,199990
91424,Apple Watch 6 40mm (GPS + Cellular / Milanese Loop / Graphite) [M06Y3BE/A],Smartwatch,732111,799990,67879,-9,"Retina LTPO OLED 1,8"" táctil (368x448 px.)",M,Sí,Sí,"Bluetooth Low Energy (LE) 5.0
NFC
Wi-Fi",https://www.solotodo.cl/products/91424-apple-watch-6-40mm-gps-cellular-milanese-loop-graphite-m06y3bea,729990,729990,729990,729990,729990,729990,729990,729990,729990,729990,729990,729990,729990,729990,729990,729990,729990,729990,729990,729990,729990,729990,729990,729990,729990,729990,729990,729990,729990,729990,729990,729990,799990,799990
91428,Apple Watch 6 40mm (GPS + Cellular / Milanese Loop / Silver) [M06U3BE/A],Smartwatch,732111,799990,67879,-9,"Retina LTPO OLED 1,8"" táctil (368x448 px.)",M,Sí,Sí,"Bluetooth Low Energy (LE) 5.0
NFC
Wi-Fi",https://www.solotodo.cl/products/91428-apple-watch-6-40mm-gps-cellular-milanese-loop-silver-m06u3bea,729990,729990,729990,729990,729990,729990,729990,729990,729990,729990,729990,729990,729990,729990,729990,729990,729990,729990,729990,729990,729990,729990,729990,729990,729990,729990,729990,729990,729990,729990,729990,729990,799990,799990
69131,Apple Watch 5 40mm - Silver (MWV62CI/A),Smartwatch,383626,419990,36364,-9,"OLED 1,6"" táctil (324x394 px.)",M,Sí,Sí,"Bluetooth Low Energy (LE) 5.0
NFC
Wi-Fi",https://www.solotodo.cl/products/69131-apple-watch-5-40mm-silver-mwv62cia,379990,379990,399990,379990,379990,379990,379990,379990,379990,379990,379990,379990,379990,379990,379990,379990,379990,379990,379990,379990,379990,379990,379990,379990,379990,379990,379990,379990,399990,399990,399990,399990,399990,419990
91423,Apple Watch 6 40mm (GPS + Cellular / Sport Band / Gold / Cyprus Green) [M06V3BE/A],Smartwatch,682111,749990,67879,-10,"Retina LTPO OLED 1,8"" táctil (368x448 px.)",M,Sí,Sí,"Bluetooth Low Energy (LE) 5.0
NFC
Wi-Fi",https://www.solotodo.cl/products/91423-apple-watch-6-40mm-gps-cellular-sport-band-gold-cyprus-green-m06v3bea,679990,679990,679990,679990,679990,679990,679990,679990,679990,679990,679990,679990,679990,679990,679990,679990,679990,679990,679990,679990,679990,679990,679990,679990,679990,679990,679990,679990,679990,679990,679990,679990,749990,749990
90925,Apple Watch 6 44mm (GPS + Cellular / Sport Band / Graphite) [M09J3BE/A],Smartwatch,781808,859990,78182,-10,"Retina LTPO OLED 1,8"" táctil (368x448 px.)",M,Sí,Sí,"Bluetooth Low Energy (LE) 5.0
NFC
Wi-Fi",https://www.solotodo.cl/products/90925-apple-watch-6-44mm-gps-cellular-sport-band-graphite-m09j3bea,799990,799990,799990,799990,799990,799990,799990,799990,799990,799990,769990,769990,769990,769990,769990,769990,769990,769990,769990,769990,769990,769990,769990,769990,769990,769990,769990,769990,769990,769990,769990,769990,859990,859990
92600,Apple Watch SE Nike 44mm (GPS + Cellular / Sport Band / Silver / Pure Platinum Black) [MG083BE/A],Smartwatch,381657,419990,38333,-10,"Retina LTPO OLED 1,8"" táctil (368x448 px.)",M,Sí,Sí,"Bluetooth Low Energy (LE) 5.0
GSM
LTE
NFC
Wi-Fi",https://www.solotodo.cl/products/92600-apple-watch-se-nike-44mm-gps-cellular-sport-band-silver-pure-platinum-black-mg083bea,379990,379990,379990,379990,379990,379990,379990,379990,379990,379990,379990,379990,379990,379990,379990,379990,379990,379990,379990,379990,379990,379990,379990,,,,,,,,,,419990,419990
88322,Apple Watch 6 44mm (GPS Only / Sport Band / Silver) [M00D3BE/A],Smartwatch,416354,459990,43636,-10,"Retina LTPO OLED 1,8"" táctil (368x448 px.)",M,Sí,Sí,"Bluetooth Low Energy (LE) 5.0
NFC
Wi-Fi",https://www.solotodo.cl/products/88322-apple-watch-6-44mm-gps-only-sport-band-silver-m00d3bea,399990,399990,399990,399990,419990,419990,399990,399990,399990,399990,419990,419990,419990,419990,419990,419990,419990,419990,419990,419990,419990,419990,419990,419990,419990,419990,419990,419990,419990,419990,419990,419990,459990,459990
92599,Apple Watch 6 44mm (GPS + Cellular / Sport Band / Gold / Cyprus Green) [M09F3BE/A],Smartwatch,712111,799990,87879,-12,"Retina LTPO OLED 1,8"" táctil (368x448 px.)",M,Sí,Sí,"Bluetooth Low Energy (LE) 5.0
NFC
Wi-Fi",https://www.solotodo.cl/products/92599-apple-watch-6-44mm-gps-cellular-sport-band-gold-cyprus-green-m09f3bea,729990,729990,729990,729990,729990,729990,729990,729990,729990,729990,699990,699990,699990,699990,699990,699990,699990,699990,699990,699990,699990,699990,699990,699990,699990,699990,699990,699990,699990,699990,699990,699990,799990,799990
91422,Apple Watch 6 Nike 40mm (GPS + Cellular / Sport Band / Space Gray / Anthracite Black),Smartwatch,502111,569990,67879,-14,"Retina LTPO OLED 1,8"" táctil (368x448 px.)",M,Sí,Sí,"Bluetooth Low Energy (LE) 5.0
NFC
Wi-Fi",https://www.solotodo.cl/products/91422-apple-watch-6-nike-40mm-gps-cellular-sport-band-space-gray-anthracite-black,499990,499990,499990,499990,499990,499990,499990,499990,499990,499990,499990,499990,499990,499990,499990,499990,499990,499990,499990,499990,499990,499990,499990,499990,499990,499990,499990,499990,499990,499990,499990,499990,569990,569990
91730,Apple Watch 6 Nike 40mm (GPS + Cellular / Sport Band / Silver / Pure Platinum Black),Smartwatch,502111,569990,67879,-14,"Retina LTPO OLED 1,8"" táctil (368x448 px.)",M,Sí,Sí,"Bluetooth Low Energy (LE) 5.0
NFC
Wi-Fi",https://www.solotodo.cl/products/91730-apple-watch-6-nike-40mm-gps-cellular-sport-band-silver-pure-platinum-black,499990,499990,499990,499990,499990,499990,499990,499990,499990,499990,499990,499990,499990,499990,499990,499990,499990,499990,499990,499990,499990,499990,499990,499990,499990,499990,499990,499990,499990,499990,499990,499990,569990,569990
88321,Apple Watch 6 44mm (GPS Only / Sport Band / Pink Sand) [M00E3BE/A],Smartwatch,577566,719990,142424,-25,"Retina LTPO OLED 1,8"" táctil (368x448 px.)",M,Sí,Sí,"Bluetooth Low Energy (LE) 5.0
NFC
Wi-Fi",https://www.solotodo.cl/products/88321-apple-watch-6-44mm-gps-only-sport-band-pink-sand-m00e3bea,429990,429990,429990,429990,429990,429990,429990,429990,429990,429990,479990,479990,479990,479990,479990,719990,719990,719990,719990,719990,719990,719990,419990,419990,719990,719990,719990,719990,719990,719990,719990,719990,719990,719990
124329,Apple Watch SE 44mm (GPS + Cellular / Sport Loop / Silver / Abyss Blue Moss Green),Smartwatch,369990,,,,"Retina LTPO OLED 1,8"" táctil (368x448 px.)",M,Sí,Sí,"Bluetooth Low Energy (LE) 5.0
GSM
LTE
NFC
Wi-Fi",https://www.solotodo.cl/products/124329-apple-watch-se-44mm-gps-cellular-sport-loop-silver-abyss-blue-moss-green,369990,369990,369990,369990,369990,369990,369990,369990,369990,369990,369990,369990,369990,369990,369990,369990,369990,369990,369990,369990,369990,369990,,,369990,369990,369990,369990,369990,369990,369990,369990,,
88320,Apple Watch 6 44mm (GPS Only / Sport Band / Blue) [M00J3BE/A],Smartwatch,404276,,,,"Retina LTPO OLED 1,8"" táctil (368x448 px.)",M,Sí,Sí,"Bluetooth Low Energy (LE) 5.0
NFC
Wi-Fi",https://www.solotodo.cl/products/88320-apple-watch-6-44mm-gps-only-sport-band-blue-m00j3bea,399990,399990,399990,399990,399990,399990,399990,399990,399990,399990,399990,399990,,,,,,,,,,,,,,,,,,,429990,429990,,
125622,Apple Watch SE 44mm (GPS + Cellular / Sport Band / Space Gray / Midnight),Smartwatch,369990,,,,"Retina LTPO OLED 1,8"" táctil (368x448 px.)",M,Sí,Sí,"Bluetooth Low Energy (LE) 5.0
GSM
LTE
NFC
Wi-Fi",https://www.solotodo.cl/products/125622-apple-watch-se-44mm-gps-cellular-sport-band-space-gray-midnight,369990,369990,369990,369990,369990,369990,369990,369990,369990,369990,369990,369990,369990,369990,369990,369990,369990,369990,,,,,,,,,,,,369990,,,,
127884,Apple Watch Series 7 41mm (GPS / Silver Aluminium Case / Starlight),Smartwatch,469990,,,,"Retina LTPO OLED 1,7"" táctil (352x430 px.)",M,Sí,Sí,"Bluetooth Low Energy (LE) 5.0
NFC
Wi-Fi",https://www.solotodo.cl/products/127884-apple-watch-series-7-41mm-gps-silver-aluminium-case-starlight,,,,,,,,,,,,,,,,,,,,,,,,,,,,,469990,469990,,,,
127882,Apple Watch Series 7 Nike+ 41mm (GPS / Midnight Aluminium Case / Anthracite Black) [MKN43BE/A),Smartwatch,455091,,,,"Retina LTPO OLED 1,7"" táctil (352x430 px.)",M,Sí,Sí,"Bluetooth Low Energy (LE) 5.0
NFC
Wi-Fi",https://www.solotodo.cl/products/127882-apple-watch-series-7-nike-41mm-gps-midnight-aluminium-case-anthracite-black-mkn43bea,,,,,,,,,,,,,,,,,,,,,,,,,440192,440192,440192,469990,469990,469990,,,,
91429,Apple Watch 6 Nike 44mm (GPS Only / Sport Band / Silver / Pure Platinum Black) [MG293BE/A],Smartwatch,424535,,,,"Retina LTPO OLED 1,8"" táctil (368x448 px.)",M,Sí,Sí,"Bluetooth Low Energy (LE) 5.0
NFC
Wi-Fi",https://www.solotodo.cl/products/91429-apple-watch-6-nike-44mm-gps-only-sport-band-silver-pure-platinum-black-mg293bea,429990,429990,429990,429990,429990,429990,429990,429990,429990,429990,419990,419990,419990,419990,419990,419990,,,419990,419990,,,,,419990,419990,,419990,419990,,,,,
127013,Apple Watch Series 7 45mm (GPS + Cellular / Green Aluminium Case / Clover),Smartwatch,619990,,,,"Retina LTPO OLED 1.9"" táctil (396x484 px.)",M,Sí,Sí,"Bluetooth Low Energy (LE) 5.0
LTE
NFC
Wi-Fi",https://www.solotodo.cl/products/127013-apple-watch-series-7-45mm-gps-cellular-green-aluminium-case-clover,,,,,,,,,,,,,,,,,,,,,,,,,,,,619990,619990,,,,,
91813,Apple Watch SE 44mm (GPS + Cellular / Sport Band / Pink Sand) [MYEX2BE/A],Smartwatch,375920,,,,"Retina LTPO OLED 1,8"" táctil (368x448 px.)",M,Sí,Sí,"Bluetooth Low Energy (LE) 5.0
GSM
LTE
NFC
Wi-Fi",https://www.solotodo.cl/products/91813-apple-watch-se-44mm-gps-cellular-sport-band-pink-sand-myex2bea,379990,379990,379990,379990,379990,379990,379990,378290,378290,378290,378290,378290,378290,378290,378290,,369990,369990,369990,369990,369990,369990,369990,369990,,,,,,,,,,
127006,Apple Watch Series 7 45mm (GPS / Aluminium Case / Starlight),Smartwatch,449990,,,,"Retina LTPO OLED 1.9"" táctil (396x484 px.)",M,Sí,Sí,"Bluetooth Low Energy (LE) 5.0
NFC
Wi-Fi",https://www.solotodo.cl/products/127006-apple-watch-series-7-45mm-gps-aluminium-case-starlight,,,,,,,,,,,,,,,,449990,449990,449990,449990,449990,449990,449990,449990,449990,,,,,,,,,,
127017,Apple Watch Series 7 Nike+ 45mm (GPS / Aluminium Case / Midnight Blue),Smartwatch,514990,,,,"Retina LTPO OLED 1.9"" táctil (396x484 px.)",M,Sí,Sí,"Bluetooth Low Energy (LE) 5.0
NFC
Wi-Fi",https://www.solotodo.cl/products/127017-apple-watch-series-7-nike-45mm-gps-aluminium-case-midnight-blue,,,,,,,,,,,,,,,,514990,514990,514990,514990,514990,514990,514990,514990,514990,,,,,,,,,,
69130,Apple Watch 5 40mm - Gold (MWV72CI/A),Smartwatch,379990,,,,"OLED 1,6"" táctil (324x394 px.)",M,Sí,Sí,"Bluetooth Low Energy (LE) 5.0
NFC
Wi-Fi",https://www.solotodo.cl/products/69130-apple-watch-5-40mm-gold-mwv72cia,,,,379990,379990,379990,379990,379990,379990,379990,379990,379990,379990,379990,379990,379990,379990,379990,379990,379990,379990,379990,379990,379990,,,,,,,,,,
69132,Apple Watch 5 44mm - Space Gray (MWVF2CI/A),Smartwatch,403323,,,,"OLED 1,8"" táctil (368x448 px.)",M,Sí,Sí,"Bluetooth Low Energy (LE) 5.0
NFC
Wi-Fi",https://www.solotodo.cl/products/69132-apple-watch-5-44mm-space-gray-mwvf2cia,409990,409990,409990,409990,409990,409990,409990,409990,409990,409990,359990,359990,359990,359990,359990,419990,419990,419990,419990,419990,419990,419990,419990,419990,,,,,,,,,,
126794,Apple Watch SE 44mm (GPS + Cellular / Sport Loop / Space Gray / Tornado Gray),Smartwatch,369990,,,,"Retina LTPO OLED 1,8"" táctil (368x448 px.)",M,Sí,Sí,"Bluetooth Low Energy (LE) 5.0
GSM
LTE
NFC
Wi-Fi",https://www.solotodo.cl/products/126794-apple-watch-se-44mm-gps-cellular-sport-loop-space-gray-tornado-gray,,,,,,,,,,,,,,369990,369990,369990,369990,369990,369990,369990,369990,369990,,,,,,,,,,,,
125608,Apple Watch SE 40mm (GPS + Cellular / Sport Band / Gold / Starlight),Smartwatch,339990,,,,"Retina LTPO OLED 1,6"" táctil (324x394 px.)",M,Sí,Sí,"Bluetooth Low Energy (LE) 5.0
GSM
LTE
NFC
Wi-Fi",https://www.solotodo.cl/products/125608-apple-watch-se-40mm-gps-cellular-sport-band-gold-starlight,339990,339990,339990,339990,339990,339990,339990,339990,339990,339990,339990,339990,339990,339990,339990,339990,339990,339990,339990,339990,,,,,,,,,,,,,,
92779,Apple Watch SE Nike 40mm (GPS + Cellular / Sport Band / Silver / Pure Platinum Black),Smartwatch,339990,,,,"Retina LTPO OLED 1,6"" táctil (324x394 px.)",M,Sí,Sí,"Bluetooth Low Energy (LE) 5.0
GSM
LTE
NFC
Wi-Fi",https://www.solotodo.cl/products/92779-apple-watch-se-nike-40mm-gps-cellular-sport-band-silver-pure-platinum-black,349990,349990,349990,349990,349990,349990,349990,349990,349990,349990,319990,319990,319990,319990,319990,,,,,,,,,,,,,,,,,,,
81859,Apple Watch 5 44mm LTE - Aluminium Space Gray (MWWE2CI/A),Smartwatch,469990,,,,"OLED 1,8"" táctil (368x448 px.)",M,Sí,Sí,"Bluetooth Low Energy (LE) 5.0
GSM
LTE
NFC
Wi-Fi",https://www.solotodo.cl/products/81859-apple-watch-5-44mm-lte-aluminium-space-gray-mwwe2cia,479990,479990,479990,479990,479990,479990,479990,479990,479990,479990,449990,449990,449990,449990,449990,,,,,,,,,,,,,,,,,,,
84041,Apple Watch 3 38mm LTE - Aluminium Silver (MTGG2LL/A),Smartwatch,259990,,,,"OLED 1.5"" táctil (272x340 px.)",M,Sí,Sí,"Bluetooth Low Energy (LE) 4.2
LTE
NFC
Wi-Fi",https://www.solotodo.cl/products/84041-apple-watch-3-38mm-lte-aluminium-silver-mtgg2lla,249990,249990,249990,249990,249990,249990,249990,299990,299990,299990,249990,249990,249990,249990,249990,,,,,,,,,,,,,,,,,,,
82910,Apple Watch 3 38mm LTE - Aluminium Space Gray (MTGP2CI/A),Smartwatch,259990,,,,"OLED 1.5"" táctil (272x340 px.)",M,Sí,Sí,"Bluetooth Low Energy (LE) 4.2
LTE
NFC
Wi-Fi",https://www.solotodo.cl/products/82910-apple-watch-3-38mm-lte-aluminium-space-gray-mtgp2cia,249990,249990,249990,249990,249990,249990,249990,299990,299990,299990,249990,249990,249990,249990,249990,,,,,,,,,,,,,,,,,,,
81862,Apple Watch 5 40mm LTE - Aluminium Silver (MWX12CI/A),Smartwatch,499990,,,,"OLED 1,6"" táctil (324x394 px.)",M,Sí,Sí,"Bluetooth Low Energy (LE) 5.0
GSM
LTE
NFC
Wi-Fi",https://www.solotodo.cl/products/81862-apple-watch-5-40mm-lte-aluminium-silver-mwx12cia,499990,499990,499990,499990,499990,499990,499990,499990,499990,499990,499990,499990,499990,499990,499990,,,,,,,,,,,,,,,,,,,
88377,Apple Watch SE 40mm (GPS Only / Sport Band / Pink Sand) [MYDN2BE/A],Smartwatch,301990,,,,"Retina LTPO OLED 1,6"" táctil (324x394 px.)",M,Sí,Sí,"Bluetooth Low Energy (LE) 5.0
NFC
Wi-Fi",https://www.solotodo.cl/products/88377-apple-watch-se-40mm-gps-only-sport-band-pink-sand-mydn2bea,289990,289990,289990,289990,289990,289990,309990,309990,309990,309990,309990,309990,309990,309990,309990,,,,,,,,,,,,,,,,,,,
88373,Apple Watch SE 44mm (GPS + Cellular / Sport Band / Space Gray) [MYF02BE/A],Smartwatch,391419,,,,"Retina LTPO OLED 1,8"" táctil (368x448 px.)",M,Sí,Sí,"Bluetooth Low Energy (LE) 5.0
GSM
LTE
NFC
Wi-Fi",https://www.solotodo.cl/products/88373-apple-watch-se-44mm-gps-cellular-sport-band-space-gray-myf02bea,,,,,,,379990,379990,419990,419990,,379990,379990,379990,,,,,,,,,,,,,,,,,,,,
88319,Apple Watch 6 44mm (GPS + Cellular / Sport Band / Blue) [M09A3BE/A],Smartwatch,585990,,,,"Retina LTPO OLED 1,8"" táctil (368x448 px.)",M,Sí,Sí,"Bluetooth Low Energy (LE) 5.0
NFC
Wi-Fi",https://www.solotodo.cl/products/88319-apple-watch-6-44mm-gps-cellular-sport-band-blue-m09a3bea,,,,,,,599990,599990,599990,599990,,,529990,,,,,,,,,,,,,,,,,,,,,
88380,Apple Watch 6 44mm (GPS Only / Sport Band / Space Gray) [M00H3BE/A],Smartwatch,459990,,,,"Retina LTPO OLED 1,8"" táctil (368x448 px.)",M,Sí,Sí,"Bluetooth Low Energy (LE) 5.0
NFC
Wi-Fi",https://www.solotodo.cl/products/88380-apple-watch-6-44mm-gps-only-sport-band-space-gray-m00h3bea,,,,,,,,,,,459990,459990,459990,,,,,,,,,,,,,,,,,,,,,
92166,Apple Watch 6 Nike 44mm (GPS Only / Sport Band / Space Gray / Anthracite Black) [MG173BE/A],Smartwatch,399990,,,,"Retina LTPO OLED 1,8"" táctil (368x448 px.)",M,Sí,Sí,"Bluetooth Low Energy (LE) 5.0
NFC
Wi-Fi",https://www.solotodo.cl/products/92166-apple-watch-6-nike-44mm-gps-only-sport-band-space-gray-anthracite-black-mg173bea,,,,,,,,,,,399990,399990,,,,,,,,,,,,,,,,,,,,,,
91426,Apple Watch 6 44mm (GPS + Cellular / Sport Band / Pink Sand) [MG2D3BE/A),Smartwatch,379990,,,,"Retina LTPO OLED 1,8"" táctil (368x448 px.)",M,Sí,Sí,"Bluetooth Low Energy (LE) 5.0
NFC
Wi-Fi",https://www.solotodo.cl/products/91426-apple-watch-6-44mm-gps-cellular-sport-band-pink-sand-mg2d3bea,379990,379990,379990,379990,379990,379990,379990,379990,379990,379990,379990,,,,,,,,,,,,,,,,,,,,,,,
88375,Apple Watch SE 40mm (GPS + Cellular / Sport Band / Pink Sand) [MYEH2BE/A],Smartwatch,342750,,,,"Retina LTPO OLED 1,6"" táctil (324x394 px.)",M,Sí,Sí,"Bluetooth Low Energy (LE) 5.0
GSM
LTE
NFC
Wi-Fi",https://www.solotodo.cl/products/88375-apple-watch-se-40mm-gps-cellular-sport-band-pink-sand-myeh2bea,339990,339990,339990,339990,339990,339990,339990,349190,349190,349190,,,,,,,,,,,,,,,,,,,,,,,,
88376,Apple Watch SE 40mm (GPS Only / Sport Band / Space Gray) [MYDP2BE/A],Smartwatch,319990,,,,"Retina LTPO OLED 1,6"" táctil (324x394 px.)",M,Sí,Sí,"Bluetooth Low Energy (LE) 5.0
NFC
Wi-Fi",https://www.solotodo.cl/products/88376-apple-watch-se-40mm-gps-only-sport-band-space-gray-mydp2bea,319990,319990,319990,319990,319990,319990,,,,,,,,,,,,,,,,,,,,,,,,,,,,
