id,name,price,today,diff price,diff percent,processor,screen,capacity,cam,so,url,12/12/21
95886,Xiaomi Pocophone M3 (128 GB / 4 GB / Poco Yellow),129990,129990,0,0,Qualcomm Snapdragon 662 (2000 MHz),"LCD IPS 6.5"" táctil (2340x1080)",128 GB,Estándar 48.0 MP trasera / Estándar 8.0 MP frontal,Android 10,https://www.solotodo.cl/products/95886-xiaomi-pocophone-m3-128-gb-4-gb-poco-yellow,129990
122903,Xiaomi Pocophone F3 (128 GB / 6 GB / Artic White) + Mi True Wireless Earbuds Basic 2s,349990,349990,0,0,Qualcomm Snapdragon 870 5G (SM8250-AC) (3200 MHz),"AMOLED 6.7"" táctil (2400x1080)",128 GB,Estándar 48.0 MP trasera / Estándar 20.0 MP frontal,Android 11,https://www.solotodo.cl/products/122903-xiaomi-pocophone-f3-128-gb-6-gb-artic-white-mi-true-wireless-earbuds-basic-2s,349990
111972,Xiaomi Pocophone F3 (128 GB / 6 GB / Night Black) + Xiaomi Mi Band 6 + Carcasa,364990,364990,0,0,Qualcomm Snapdragon 870 5G (SM8250-AC) (3200 MHz),"AMOLED 6.7"" táctil (2400x1080)",128 GB,Estándar 48.0 MP trasera / Estándar 20.0 MP frontal,Android 11,https://www.solotodo.cl/products/111972-xiaomi-pocophone-f3-128-gb-6-gb-night-black-xiaomi-mi-band-6-carcasa,364990
125876,Xiaomi Pocophone F3 (128 GB / 6 GB / Artic White) + Carcasa + Honor Flypods Lite,332990,332990,0,0,Qualcomm Snapdragon 870 5G (SM8250-AC) (3200 MHz),"AMOLED 6.7"" táctil (2400x1080)",128 GB,Estándar 48.0 MP trasera / Estándar 20.0 MP frontal,Android 11,https://www.solotodo.cl/products/125876-xiaomi-pocophone-f3-128-gb-6-gb-artic-white-carcasa-honor-flypods-lite,332990
116757,Xiaomi Redmi Note 10 Pro (128 GB / 6 GB / Onyx Gray) + Honor Band 6 + Carcasa,334990,334990,0,0,Qualcomm Snapdragon 732G (SDM732G) (2300 MHz),"AMOLED 6.7"" táctil (2400x1080)",128 GB,Estándar 108.0 MP trasera / Estándar 16.0 MP frontal,Android 11,https://www.solotodo.cl/products/116757-xiaomi-redmi-note-10-pro-128-gb-6-gb-onyx-gray-honor-band-6-carcasa,334990
125762,Xiaomi Pocophone X3 GT (256 GB / 8 GB / Cloud White) + Carcasa + Honor Flypods Lite,337990,337990,0,0,MediaTek MT6891Z Dimensity 1100 5G (2600 MHz),"LCD IPS 6,6"" táctil (2400x1080)",256 GB,Estándar 64.0 MP trasera / Estándar 16.0 MP frontal,Android 11,https://www.solotodo.cl/products/125762-xiaomi-pocophone-x3-gt-256-gb-8-gb-cloud-white-carcasa-honor-flypods-lite,337990
87212,LG Velvet (LMG910HMW / Aurora White),349990,349990,0,0,Qualcomm Snapdragon 845 (2800 MHz),"P-OLED 6.8"" táctil (2460x1080)",128 GB,Estándar 48.0 MP trasera / Estándar 16.0 MP frontal,Android 10,https://www.solotodo.cl/products/87212-lg-velvet-lmg910hmw-aurora-white,349990
114896,Xiaomi Pocophone F3 (256 GB / 8 GB / Deep Ocean Blue) + Carcasa,349990,349990,0,0,Qualcomm Snapdragon 870 5G (SM8250-AC) (3200 MHz),"AMOLED 6.7"" táctil (2400x1080)",256 GB,Estándar 48.0 MP trasera / Estándar 20.0 MP frontal,Android 11,https://www.solotodo.cl/products/114896-xiaomi-pocophone-f3-256-gb-8-gb-deep-ocean-blue-carcasa,349990
113867,Xiaomi Pocophone F3 (256 GB / 8 GB / Deep Ocean Blue),349990,349990,0,0,Qualcomm Snapdragon 870 5G (SM8250-AC) (3200 MHz),"AMOLED 6.7"" táctil (2400x1080)",256 GB,Estándar 48.0 MP trasera / Estándar 20.0 MP frontal,Android 11,https://www.solotodo.cl/products/113867-xiaomi-pocophone-f3-256-gb-8-gb-deep-ocean-blue,349990
112673,Xiaomi Pocophone F3 (128 GB / 6 GB / Night Black) + Carcasa + Mi True Wireless Earbuds Basic 2,349990,349990,0,0,Qualcomm Snapdragon 870 5G (SM8250-AC) (3200 MHz),"AMOLED 6.7"" táctil (2400x1080)",128 GB,Estándar 48.0 MP trasera / Estándar 20.0 MP frontal,Android 11,https://www.solotodo.cl/products/112673-xiaomi-pocophone-f3-128-gb-6-gb-night-black-carcasa-mi-true-wireless-earbuds-basic-2,349990
121217,Xiaomi Pocophone F3 (128 GB / 6 GB / Deep Ocean Blue) + Xiaomi Mi Band 5,351990,351990,0,0,Qualcomm Snapdragon 870 5G (SM8250-AC) (3200 MHz),"AMOLED 6.7"" táctil (2400x1080)",128 GB,Estándar 48.0 MP trasera / Estándar 20.0 MP frontal,Android 11,https://www.solotodo.cl/products/121217-xiaomi-pocophone-f3-128-gb-6-gb-deep-ocean-blue-xiaomi-mi-band-5,351990
125004,Oppo A16 (256 GB / 4 GB / Pearl Blue),159990,159990,0,0,MediaTek Helio G35 (2300 MHz),"LCD IPS 6.5"" táctil (1600x720)",256 GB,Estándar 13.0 MP trasera / Estándar 8.0 MP frontal,Android 11,https://www.solotodo.cl/products/125004-oppo-a16-256-gb-4-gb-pearl-blue,159990
101297,Xiaomi Redmi 9T (128 GB / 4 GB / Twilight Blue),129990,129990,0,0,Qualcomm Snapdragon 662 (2000 MHz),"LCD IPS 6.5"" táctil (2340x1080)",128 GB,Estándar 48.0 MP trasera / Estándar 8.0 MP frontal,Android 10,https://www.solotodo.cl/products/101297-xiaomi-redmi-9t-128-gb-4-gb-twilight-blue,129990
111968,Xiaomi Pocophone F3 (128 GB / 6 GB / Night Black) + Audifonos AIWA AW7 + Carcasa,353990,353990,0,0,Qualcomm Snapdragon 870 5G (SM8250-AC) (3200 MHz),"AMOLED 6.7"" táctil (2400x1080)",128 GB,Estándar 48.0 MP trasera / Estándar 20.0 MP frontal,Android 11,https://www.solotodo.cl/products/111968-xiaomi-pocophone-f3-128-gb-6-gb-night-black-audifonos-aiwa-aw7-carcasa,353990
122904,Xiaomi Pocophone F3 (128 GB / 6 GB / Artic White) + Audífonos Aiwa AW7,353990,353990,0,0,Qualcomm Snapdragon 870 5G (SM8250-AC) (3200 MHz),"AMOLED 6.7"" táctil (2400x1080)",128 GB,Estándar 48.0 MP trasera / Estándar 20.0 MP frontal,Android 11,https://www.solotodo.cl/products/122904-xiaomi-pocophone-f3-128-gb-6-gb-artic-white-audifonos-aiwa-aw7,353990
111978,Xiaomi Pocophone F3 (128 GB / 6 GB / Night Black) + Audifonos AIWA AW9 + Carcasa,354990,354990,0,0,Qualcomm Snapdragon 870 5G (SM8250-AC) (3200 MHz),"AMOLED 6.7"" táctil (2400x1080)",128 GB,Estándar 48.0 MP trasera / Estándar 20.0 MP frontal,Android 11,https://www.solotodo.cl/products/111978-xiaomi-pocophone-f3-128-gb-6-gb-night-black-audifonos-aiwa-aw9-carcasa,354990
122906,Xiaomi Pocophone F3 (128 GB / 6 GB / Artic White) + Audífonos AIWA AW8,357990,357990,0,0,Qualcomm Snapdragon 870 5G (SM8250-AC) (3200 MHz),"AMOLED 6.7"" táctil (2400x1080)",128 GB,Estándar 48.0 MP trasera / Estándar 20.0 MP frontal,Android 11,https://www.solotodo.cl/products/122906-xiaomi-pocophone-f3-128-gb-6-gb-artic-white-audifonos-aiwa-aw8,357990
117599,Xiaomi Pocophone F3 (256 GB / 8 GB / Arctic White) + Carcasa + Mi In-Ear Headphones Basic,359990,359990,0,0,Qualcomm Snapdragon 870 5G (SM8250-AC) (3200 MHz),"AMOLED 6.7"" táctil (2400x1080)",256 GB,Estándar 48.0 MP trasera / Estándar 20.0 MP frontal,Android 11,https://www.solotodo.cl/products/117599-xiaomi-pocophone-f3-256-gb-8-gb-arctic-white-carcasa-mi-in-ear-headphones-basic,359990
121214,Xiaomi Pocophone F3 (128 GB / 6 GB / Deep Ocean Blue) + Xiaomi Mi Band 6,364990,364990,0,0,Qualcomm Snapdragon 870 5G (SM8250-AC) (3200 MHz),"AMOLED 6.7"" táctil (2400x1080)",128 GB,Estándar 48.0 MP trasera / Estándar 20.0 MP frontal,Android 11,https://www.solotodo.cl/products/121214-xiaomi-pocophone-f3-128-gb-6-gb-deep-ocean-blue-xiaomi-mi-band-6,364990
112669,Xiaomi Pocophone F3 (128 GB / 6 GB / Night Black) + Honor Band 6 + Carcasa,364990,364990,0,0,Qualcomm Snapdragon 870 5G (SM8250-AC) (3200 MHz),"AMOLED 6.7"" táctil (2400x1080)",128 GB,Estándar 48.0 MP trasera / Estándar 20.0 MP frontal,Android 11,https://www.solotodo.cl/products/112669-xiaomi-pocophone-f3-128-gb-6-gb-night-black-honor-band-6-carcasa,364990
122902,Xiaomi Pocophone F3 (128 GB / 6 GB / Artic White) + Honor Band 6,364990,364990,0,0,Qualcomm Snapdragon 870 5G (SM8250-AC) (3200 MHz),"AMOLED 6.7"" táctil (2400x1080)",128 GB,Estándar 48.0 MP trasera / Estándar 20.0 MP frontal,Android 11,https://www.solotodo.cl/products/122902-xiaomi-pocophone-f3-128-gb-6-gb-artic-white-honor-band-6,364990
111977,Xiaomi Pocophone F3 (128 GB / 6 GB / Night Black) + Audifonos AIWA AW8 + Carcasa,332990,332990,0,0,Qualcomm Snapdragon 870 5G (SM8250-AC) (3200 MHz),"AMOLED 6.7"" táctil (2400x1080)",128 GB,Estándar 48.0 MP trasera / Estándar 20.0 MP frontal,Android 11,https://www.solotodo.cl/products/111977-xiaomi-pocophone-f3-128-gb-6-gb-night-black-audifonos-aiwa-aw8-carcasa,332990
125264,Xiaomi Mi 11 Lite 5G (128 GB / 8 GB / Truffle Black),329990,329990,0,0,Qualcomm 780G (2400 MHz),"AMOLED 6,6"" táctil (2400x1080)",128 GB,Estándar 64.0 MP trasera / Estándar 20.0 MP frontal,Android 11,https://www.solotodo.cl/products/125264-xiaomi-mi-11-lite-5g-128-gb-8-gb-truffle-black,329990
91139,Xiaomi Mi 10T (128 GB / 6 GB / Cosmic Black),329990,329990,0,0,Qualcomm Snapdragon 865 (SM8250) (2840 MHz),"LCD IPS 6.7"" táctil (2400x1080)",128 GB,Estándar 64.0 MP trasera / Estándar 20.0 MP frontal,Android 10,https://www.solotodo.cl/products/91139-xiaomi-mi-10t-128-gb-6-gb-cosmic-black,329990
122896,Xiaomi Pocophone X3 GT (256 GB / 8 GB / Cloud White) + Xiaomi Mi Band 5,331990,331990,0,0,MediaTek MT6891Z Dimensity 1100 5G (2600 MHz),"LCD IPS 6,6"" táctil (2400x1080)",256 GB,Estándar 64.0 MP trasera / Estándar 16.0 MP frontal,Android 11,https://www.solotodo.cl/products/122896-xiaomi-pocophone-x3-gt-256-gb-8-gb-cloud-white-xiaomi-mi-band-5,331990
118418,Xiaomi Poco X3 (128 GB / 6 GB / Shadow Gray) + Xiaomi Mi Band 6,329990,329990,0,0,Qualcomm Snapdragon 732G (SDM732G) (2300 MHz),"LCD IPS 6,6"" táctil (2400x1080)",128 GB,Estándar 64.0 MP trasera / Estándar 20.0 MP frontal,Android 10,https://www.solotodo.cl/products/118418-xiaomi-poco-x3-128-gb-6-gb-shadow-gray-xiaomi-mi-band-6,329990
125462,Xiaomi 11 Lite 5G NE (128 GB / 6 GB / Bubblegum Blue),299990,299990,0,0,Qualcomm Snapdragon 778G (2400 MHz),"AMOLED 6,6"" táctil (2400x1080)",128 GB,Estándar 64.0 MP trasera / Estándar 20.0 MP frontal,Android 11,https://www.solotodo.cl/products/125462-xiaomi-11-lite-5g-ne-128-gb-6-gb-bubblegum-blue,299990
120054,Xiaomi Redmi Note 10 Pro (128 GB / 6 GB / Glacier Blue) + Mi Band 5 + Carcasa,301990,301990,0,0,Qualcomm Snapdragon 732G (SDM732G) (2300 MHz),"AMOLED 6.7"" táctil (2400x1080)",128 GB,Estándar 108.0 MP trasera / Estándar 16.0 MP frontal,Android 11,https://www.solotodo.cl/products/120054-xiaomi-redmi-note-10-pro-128-gb-6-gb-glacier-blue-mi-band-5-carcasa,301990
116731,Xiaomi Redmi Note 10 Pro (128 GB / 6 GB / Onyx Gray) + Audifonos AIWA AW7 + Carcasa,303990,303990,0,0,Qualcomm Snapdragon 732G (SDM732G) (2300 MHz),"AMOLED 6.7"" táctil (2400x1080)",128 GB,Estándar 108.0 MP trasera / Estándar 16.0 MP frontal,Android 11,https://www.solotodo.cl/products/116731-xiaomi-redmi-note-10-pro-128-gb-6-gb-onyx-gray-audifonos-aiwa-aw7-carcasa,303990
120104,Xiaomi Redmi Note 10 Pro (128 GB / 6 GB / Glacier Blue) + Audifonos AIWA AW7 + Carcasa,303990,303990,0,0,Qualcomm Snapdragon 732G (SDM732G) (2300 MHz),"AMOLED 6.7"" táctil (2400x1080)",128 GB,Estándar 108.0 MP trasera / Estándar 16.0 MP frontal,Android 11,https://www.solotodo.cl/products/120104-xiaomi-redmi-note-10-pro-128-gb-6-gb-glacier-blue-audifonos-aiwa-aw7-carcasa,303990
110040,Xiaomi Pocophone F3 (128 GB / 6 GB / Night Black) + Carcasa,304590,304590,0,0,Qualcomm Snapdragon 870 5G (SM8250-AC) (3200 MHz),"AMOLED 6.7"" táctil (2400x1080)",128 GB,Estándar 48.0 MP trasera / Estándar 20.0 MP frontal,Android 11,https://www.solotodo.cl/products/110040-xiaomi-pocophone-f3-128-gb-6-gb-night-black-carcasa,304590
114150,Xiaomi Redmi Note 10 Pro (128 GB / 6 GB / Glacier Blue) + Audifonos AIWA AW9 + Carcasa,304990,304990,0,0,Qualcomm Snapdragon 732G (SDM732G) (2300 MHz),"AMOLED 6.7"" táctil (2400x1080)",128 GB,Estándar 108.0 MP trasera / Estándar 16.0 MP frontal,Android 11,https://www.solotodo.cl/products/114150-xiaomi-redmi-note-10-pro-128-gb-6-gb-glacier-blue-audifonos-aiwa-aw9-carcasa,304990
114149,Xiaomi Redmi Note 10 Pro (128 GB / 6 GB / Onyx Gray) + Audifonos AIWA AW8 + Carcasa,307990,307990,0,0,Qualcomm Snapdragon 732G (SDM732G) (2300 MHz),"AMOLED 6.7"" táctil (2400x1080)",128 GB,Estándar 108.0 MP trasera / Estándar 16.0 MP frontal,Android 11,https://www.solotodo.cl/products/114149-xiaomi-redmi-note-10-pro-128-gb-6-gb-onyx-gray-audifonos-aiwa-aw8-carcasa,307990
115463,Xiaomi Pocophone F3 (128 GB / 6 GB / Night Black) + Carcasa + Mi In-Ear Headphones Basic,309990,309990,0,0,Qualcomm Snapdragon 870 5G (SM8250-AC) (3200 MHz),"AMOLED 6.7"" táctil (2400x1080)",128 GB,Estándar 48.0 MP trasera / Estándar 20.0 MP frontal,Android 11,https://www.solotodo.cl/products/115463-xiaomi-pocophone-f3-128-gb-6-gb-night-black-carcasa-mi-in-ear-headphones-basic,309990
111974,Xiaomi Pocophone F3 (128 GB / 6 GB / Night Black) + Audífonos AIWA AW-660BT + Carcasa,317990,317990,0,0,Qualcomm Snapdragon 870 5G (SM8250-AC) (3200 MHz),"AMOLED 6.7"" táctil (2400x1080)",128 GB,Estándar 48.0 MP trasera / Estándar 20.0 MP frontal,Android 11,https://www.solotodo.cl/products/111974-xiaomi-pocophone-f3-128-gb-6-gb-night-black-audifonos-aiwa-aw-660bt-carcasa,317990
118174,Xiaomi Mi 11 Lite 5G (128 GB / 6 GB / Mint Green) + Xiaomi Mi Band 5,319200,319200,0,0,Qualcomm 780G (2400 MHz),"AMOLED 6,6"" táctil (2400x1080)",128 GB,Estándar 64.0 MP trasera / Estándar 20.0 MP frontal,Android 11,https://www.solotodo.cl/products/118174-xiaomi-mi-11-lite-5g-128-gb-6-gb-mint-green-xiaomi-mi-band-5,319200
119557,Xiaomi Mi 11 Lite 5G (128 GB / 6 GB / Citrus Yellow) + Mi Band 5,319200,319200,0,0,Qualcomm 780G (2400 MHz),"AMOLED 6,6"" táctil (2400x1080)",128 GB,Estándar 64.0 MP trasera / Estándar 20.0 MP frontal,Android 11,https://www.solotodo.cl/products/119557-xiaomi-mi-11-lite-5g-128-gb-6-gb-citrus-yellow-mi-band-5,319200
113330,Xiaomi Redmi Note 10 Pro (128 GB / 6 GB / Onyx Gray) + Mi Watch Lite + Carcasa,324990,324990,0,0,Qualcomm Snapdragon 732G (SDM732G) (2300 MHz),"AMOLED 6.7"" táctil (2400x1080)",128 GB,Estándar 108.0 MP trasera / Estándar 16.0 MP frontal,Android 11,https://www.solotodo.cl/products/113330-xiaomi-redmi-note-10-pro-128-gb-6-gb-onyx-gray-mi-watch-lite-carcasa,324990
118271,Xiaomi Pocophone X3 Pro (128 GB / 6 GB / Phantom Black) + Huawei FreeBuds Pro + Carcasa,324990,324990,0,0,Qualcomm Snapdragon 860 (2960 MHz),"LCD IPS 6.7"" táctil (2400x1080)",128 GB,Estándar 48.0 MP trasera / Estándar 20.0 MP frontal,Android 11,https://www.solotodo.cl/products/118271-xiaomi-pocophone-x3-pro-128-gb-6-gb-phantom-black-huawei-freebuds-pro-carcasa,324990
118272,Xiaomi Poco X3 (128 GB / 6 GB / Cobalt Blue) + Huawei FreeBuds Pro + Carcasa,324990,324990,0,0,Qualcomm Snapdragon 732G (SDM732G) (2300 MHz),"LCD IPS 6,6"" táctil (2400x1080)",128 GB,Estándar 64.0 MP trasera / Estándar 20.0 MP frontal,Android 10,https://www.solotodo.cl/products/118272-xiaomi-poco-x3-128-gb-6-gb-cobalt-blue-huawei-freebuds-pro-carcasa,324990
119909,Xiaomi Pocophone F3 (128 GB / 6 GB / Deep Ocean Blue) + Mi True Wireless Earbuds Basic 2s + Carcasa,324990,324990,0,0,Qualcomm Snapdragon 870 5G (SM8250-AC) (3200 MHz),"AMOLED 6.7"" táctil (2400x1080)",128 GB,Estándar 48.0 MP trasera / Estándar 20.0 MP frontal,Android 11,https://www.solotodo.cl/products/119909-xiaomi-pocophone-f3-128-gb-6-gb-deep-ocean-blue-mi-true-wireless-earbuds-basic-2s-carcasa,324990
114644,Xiaomi Redmi Note 10 Pro (128 GB / 6 GB / Glacier Blue) + Realme Watch S + Carcasa,329990,329990,0,0,Qualcomm Snapdragon 732G (SDM732G) (2300 MHz),"AMOLED 6.7"" táctil (2400x1080)",128 GB,Estándar 108.0 MP trasera / Estándar 16.0 MP frontal,Android 11,https://www.solotodo.cl/products/114644-xiaomi-redmi-note-10-pro-128-gb-6-gb-glacier-blue-realme-watch-s-carcasa,329990
111973,Xiaomi Pocophone F3 (128 GB / 6 GB / Night Black) + Mi Watch Lite + Carcasa,374990,374990,0,0,Qualcomm Snapdragon 870 5G (SM8250-AC) (3200 MHz),"AMOLED 6.7"" táctil (2400x1080)",128 GB,Estándar 48.0 MP trasera / Estándar 20.0 MP frontal,Android 11,https://www.solotodo.cl/products/111973-xiaomi-pocophone-f3-128-gb-6-gb-night-black-mi-watch-lite-carcasa,374990
94873,Google Pixel 4a (128 GB / 6 GB / Just Black),464990,464990,0,0,Qualcomm Snapdragon 730G (SDM730) (2200 MHz),"OLED 5.8"" táctil (2340x1080)",128 GB,Estándar 12.2 MP trasera / Estándar 8.0 MP frontal,Android 10,https://www.solotodo.cl/products/94873-google-pixel-4a-128-gb-6-gb-just-black,464990
119918,Xiaomi Pocophone F3 (256 GB / 8 GB / Night Black) + Mi True Wireless Earbuds Basic 2s,374990,374990,0,0,Qualcomm Snapdragon 870 5G (SM8250-AC) (3200 MHz),"AMOLED 6.7"" táctil (2400x1080)",256 GB,Estándar 48.0 MP trasera / Estándar 20.0 MP frontal,Android 11,https://www.solotodo.cl/products/119918-xiaomi-pocophone-f3-256-gb-8-gb-night-black-mi-true-wireless-earbuds-basic-2s,374990
119128,Xiaomi Pocophone F3 (256 GB / 8 GB / Arctic White) + Carcasa + Amazfit GTR 2 Classic,489990,489990,0,0,Qualcomm Snapdragon 870 5G (SM8250-AC) (3200 MHz),"AMOLED 6.7"" táctil (2400x1080)",256 GB,Estándar 48.0 MP trasera / Estándar 20.0 MP frontal,Android 11,https://www.solotodo.cl/products/119128-xiaomi-pocophone-f3-256-gb-8-gb-arctic-white-carcasa-amazfit-gtr-2-classic,489990
119321,Realme GT 5G (128 GB / 8 GB / Silver),507990,507990,0,0,Qualcomm Snapdragon 888 5G [SM8350] (2840 MHz),"Super AMOLED 6.4"" táctil (2400x1080)",128 GB,Estándar 64.0 MP trasera / Estándar 16.0 MP frontal,Android 11,https://www.solotodo.cl/products/119321-realme-gt-5g-128-gb-8-gb-silver,507990
97711,Xiaomi Mi 10T Lite 5G (128 GB / 6 GB / Pearl Gray) + Xiaomi Mi Watch Lite,519990,519990,0,0,Qualcomm Snapdragon 750 5G (SM7225) (2200 MHz),"LCD IPS 6.7"" táctil (2400x1080)",128 GB,Estándar 64.0 MP trasera / Estándar 16.0 MP frontal,Android 10,https://www.solotodo.cl/products/97711-xiaomi-mi-10t-lite-5g-128-gb-6-gb-pearl-gray-xiaomi-mi-watch-lite,519990
126702,Xiaomi Redmi K40 Gaming (256 GB / 12 GB / Silver),539990,539990,0,0,MediaTek MT6893 Dimensity 1200 5G (3000 MHz),"OLED 6.7"" táctil (2400x1080)",256 GB,Estándar 64.0 MP trasera / Estándar 16.0 MP frontal,Android 11,https://www.solotodo.cl/products/126702-xiaomi-redmi-k40-gaming-256-gb-12-gb-silver,539990
124347,Xiaomi 11T Pro (256 GB / 8 GB / Celestial Blue),556800,556800,0,0,Qualcomm Snapdragon 888 5G [SM8350] (2840 MHz),"AMOLED 6.8"" táctil (2400x1080)",256 GB,Estándar 108.0 MP trasera / Estándar 16.0 MP frontal,Android 11,https://www.solotodo.cl/products/124347-xiaomi-11t-pro-256-gb-8-gb-celestial-blue,556800
64831,LG G8S ThinQ (G810 / Mirror Black),573940,573940,0,0,Qualcomm Snapdragon 855 (SDM855) (2840 MHz),"G-OLED 6,2"" táctil (2248x1080)",128 GB,Estándar 12.0 MP trasera / Estándar 8.0 MP frontal,"Android 9.0 ""Pie""",https://www.solotodo.cl/products/64831-lg-g8s-thinq-g810-mirror-black,573940
124343,Xiaomi 11T Pro (256 GB / 12 GB / Celestial Blue),579990,579990,0,0,Qualcomm Snapdragon 888 5G [SM8350] (2840 MHz),"AMOLED 6.8"" táctil (2400x1080)",256 GB,Estándar 108.0 MP trasera / Estándar 16.0 MP frontal,Android 11,https://www.solotodo.cl/products/124343-xiaomi-11t-pro-256-gb-12-gb-celestial-blue,579990
66427,Apple iPhone 11 (128 GB / Black),588000,588000,0,0,Apple A13 Bionic (2660 MHz),"LCD IPS 6.1"" táctil (1792x828)",128 GB,Estándar 12.0 MP trasera / Estándar 12.0 MP frontal,iOS 13,https://www.solotodo.cl/products/66427-apple-iphone-11-128-gb-black,588000
124338,Xiaomi 11T Pro (256 GB / 8 GB / Moonlight White) + Xiaomi Mi Watch + Redmi Buds 3 Pro,589990,589990,0,0,Qualcomm Snapdragon 888 5G [SM8350] (2840 MHz),"AMOLED 6.8"" táctil (2400x1080)",256 GB,Estándar 108.0 MP trasera / Estándar 16.0 MP frontal,Android 11,https://www.solotodo.cl/products/124338-xiaomi-11t-pro-256-gb-8-gb-moonlight-white-xiaomi-mi-watch-redmi-buds-3-pro,589990
101805,Google Pixel 4a 5G (128 GB / 6 GB / Just Black),589990,589990,0,0,Qualcomm Snapdragon 730G (SDM730) (2200 MHz),"OLED 6,2"" táctil (2340x1080)",128 GB,Estándar 12.2 MP trasera / Estándar 8.0 MP frontal,Android 11,https://www.solotodo.cl/products/101805-google-pixel-4a-5g-128-gb-6-gb-just-black,589990
111210,Xiaomi Mi 11 (256 GB / 8 GB / Cloud White) + Xiaomi Mi Band 5 + Mi True Wireless Earbuds Basic 2,599990,599990,0,0,Qualcomm Snapdragon 888 5G [SM8350] (2840 MHz),"AMOLED 6.8"" táctil (3200x1440)",256 GB,Estándar 108.0 MP trasera / Estándar 20.0 MP frontal,Android 11,https://www.solotodo.cl/products/111210-xiaomi-mi-11-256-gb-8-gb-cloud-white-xiaomi-mi-band-5-mi-true-wireless-earbuds-basic-2,599990
66496,Apple iPhone 11 (256 GB / Product RED),699990,699990,0,0,Apple A13 Bionic (2660 MHz),"LCD IPS 6.1"" táctil (1792x828)",256 GB,Estándar 12.0 MP trasera / Estándar 12.0 MP frontal,iOS 13,https://www.solotodo.cl/products/66496-apple-iphone-11-256-gb-product-red,699990
121428,ASUS ROG Phone 5 (128 GB / 8 GB / Phantom Black),699990,699990,0,0,Qualcomm Snapdragon 888 5G [SM8350] (2840 MHz),"AMOLED 6.8"" táctil (2448x1080)",128 GB,Estándar 64.0 MP trasera / Estándar 24.0 MP frontal,Android 11,https://www.solotodo.cl/products/121428-asus-rog-phone-5-128-gb-8-gb-phantom-black,699990
126707,ZTE Nubia Red Magic 6s Pro (128 GB / 12 GB / Eclipse Black),699990,699990,0,0,Qualcomm SM8350 Snapdragon 888+ 5G (3000 MHz),"AMOLED 6.8"" táctil (2400x1080)",128 GB,Estándar 64.0 MP trasera / Estándar 8.0 MP frontal,Android 11,https://www.solotodo.cl/products/126707-zte-nubia-red-magic-6s-pro-128-gb-12-gb-eclipse-black,699990
118059,ZTE Nubia Red Magic 6 Pro (128 GB / 16 GB / Moon Silver),755990,755990,0,0,Qualcomm Snapdragon 888 5G [SM8350] (2840 MHz),"AMOLED 6.8"" táctil (2400x1080)",128 GB,Estándar 64.0 MP trasera / Estándar 8.0 MP frontal,Android 11,https://www.solotodo.cl/products/118059-zte-nubia-red-magic-6-pro-128-gb-16-gb-moon-silver,755990
105274,ASUS ROG Phone 5 (256 GB / 12 GB / Phantom Black),749990,749990,0,0,Qualcomm Snapdragon 888 5G [SM8350] (2840 MHz),"AMOLED 6.8"" táctil (2448x1080)",256 GB,Estándar 64.0 MP trasera / Estándar 24.0 MP frontal,Android 11,https://www.solotodo.cl/products/105274-asus-rog-phone-5-256-gb-12-gb-phantom-black,749990
66492,Apple iPhone 11 Pro (256 GB / Silver),799990,799990,0,0,Apple A13 Bionic (2660 MHz),"Super Retina XDR 5.8"" táctil (1125x2436)",256 GB,Estándar 12.0 MP trasera / Estándar 12.0 MP frontal,iOS 13,https://www.solotodo.cl/products/66492-apple-iphone-11-pro-256-gb-silver,799990
126923,ASUS ROG Phone 5s (128 GB / 12 GB / Phantom Black),799990,799990,0,0,Qualcomm Snapdragon 888 5G [SM8350] (2840 MHz),"AMOLED 6.8"" táctil (2448x1080)",128 GB,Estándar 64.0 MP trasera / Estándar 24.0 MP frontal,Android 11,https://www.solotodo.cl/products/126923-asus-rog-phone-5s-128-gb-12-gb-phantom-black,799990
125012,Oppo Reno6 5G (128 GB / 8 GB / Stellar Black),499990,499990,0,0,MediaTek MT6877 Dimensity 900 5G (2400 MHz),"AMOLED 6.4"" táctil (2400x1080)",128 GB,Estándar 64.0 MP trasera / Estándar 32.0 MP frontal,Android 11,https://www.solotodo.cl/products/125012-oppo-reno6-5g-128-gb-8-gb-stellar-black,499990
119136,Xiaomi Pocophone F3 (256 GB / 8 GB / Arctic White) + Amazfit GTR 2 + Carcasa,489990,489990,0,0,Qualcomm Snapdragon 870 5G (SM8250-AC) (3200 MHz),"AMOLED 6.7"" táctil (2400x1080)",256 GB,Estándar 48.0 MP trasera / Estándar 20.0 MP frontal,Android 11,https://www.solotodo.cl/products/119136-xiaomi-pocophone-f3-256-gb-8-gb-arctic-white-amazfit-gtr-2-carcasa,489990
123935,Xiaomi Pocophone F3 (128 GB / 6 GB / Artic White) + Xiaomi Mi Watch Lite + Carcasa,374990,374990,0,0,Qualcomm Snapdragon 870 5G (SM8250-AC) (3200 MHz),"AMOLED 6.7"" táctil (2400x1080)",128 GB,Estándar 48.0 MP trasera / Estándar 20.0 MP frontal,Android 11,https://www.solotodo.cl/products/123935-xiaomi-pocophone-f3-128-gb-6-gb-artic-white-xiaomi-mi-watch-lite-carcasa,374990
116259,Xiaomi Mi 11i (256 GB / 8 GB / Frosty White),479990,479990,0,0,Qualcomm Snapdragon 888 5G [SM8350] (2840 MHz),"Super AMOLED 6.7"" táctil (2400x1080)",256 GB,Estándar 108.0 MP trasera / Estándar 20.0 MP frontal,Android 11,https://www.solotodo.cl/products/116259-xiaomi-mi-11i-256-gb-8-gb-frosty-white,479990
113032,Xiaomi Pocophone F3 (128 GB / 6 GB / Artic White) + Mi True Wireless Earphones 2 Basic,374990,374990,0,0,Qualcomm Snapdragon 870 5G (SM8250-AC) (3200 MHz),"AMOLED 6.7"" táctil (2400x1080)",128 GB,Estándar 48.0 MP trasera / Estándar 20.0 MP frontal,Android 11,https://www.solotodo.cl/products/113032-xiaomi-pocophone-f3-128-gb-6-gb-artic-white-mi-true-wireless-earphones-2-basic,374990
126619,Xiaomi Pocophone F3 (256 GB / 8 GB / Night Black) + Carcasa + Honor Flypods Lite,382990,382990,0,0,Qualcomm Snapdragon 870 5G (SM8250-AC) (3200 MHz),"AMOLED 6.7"" táctil (2400x1080)",256 GB,Estándar 48.0 MP trasera / Estándar 20.0 MP frontal,Android 11,https://www.solotodo.cl/products/126619-xiaomi-pocophone-f3-256-gb-8-gb-night-black-carcasa-honor-flypods-lite,382990
115038,Xiaomi Mi 11 Lite 5G (128 GB / 6 GB / Citrus Yellow) + Mi True Wireless Earphones 2 Basic,389990,389990,0,0,Qualcomm 780G (2400 MHz),"AMOLED 6,6"" táctil (2400x1080)",128 GB,Estándar 64.0 MP trasera / Estándar 20.0 MP frontal,Android 11,https://www.solotodo.cl/products/115038-xiaomi-mi-11-lite-5g-128-gb-6-gb-citrus-yellow-mi-true-wireless-earphones-2-basic,389990
121354,Xiaomi Pocophone F3 (256 GB / 8 GB / Arctic White) + Xiaomi Mi Band 5 + Carcasa,391990,391990,0,0,Qualcomm Snapdragon 870 5G (SM8250-AC) (3200 MHz),"AMOLED 6.7"" táctil (2400x1080)",256 GB,Estándar 48.0 MP trasera / Estándar 20.0 MP frontal,Android 11,https://www.solotodo.cl/products/121354-xiaomi-pocophone-f3-256-gb-8-gb-arctic-white-xiaomi-mi-band-5-carcasa,391990
121769,Xiaomi Pocophone F3 (256 GB / 8 GB / Deep Ocean Blue) + Mi True Wireless Earphones 2 Basic,389990,389990,0,0,Qualcomm Snapdragon 870 5G (SM8250-AC) (3200 MHz),"AMOLED 6.7"" táctil (2400x1080)",256 GB,Estándar 48.0 MP trasera / Estándar 20.0 MP frontal,Android 11,https://www.solotodo.cl/products/121769-xiaomi-pocophone-f3-256-gb-8-gb-deep-ocean-blue-mi-true-wireless-earphones-2-basic,389990
92863,Xiaomi Mi 10T Pro (256 GB / 8 GB / Lunar Silver),399990,399990,0,0,Qualcomm Snapdragon 865 (SM8250) (2840 MHz),"LCD IPS 6.7"" táctil (2400x1080)",256 GB,Estándar 108.0 MP trasera / Estándar 20.0 MP frontal,Android 10,https://www.solotodo.cl/products/92863-xiaomi-mi-10t-pro-256-gb-8-gb-lunar-silver,399990
116300,Xiaomi Mi 11 Lite 5G (128 GB / 6 GB / Citrus Yellow) + Xiaomi Mi Band 6,399990,399990,0,0,Qualcomm 780G (2400 MHz),"AMOLED 6,6"" táctil (2400x1080)",128 GB,Estándar 64.0 MP trasera / Estándar 20.0 MP frontal,Android 11,https://www.solotodo.cl/products/116300-xiaomi-mi-11-lite-5g-128-gb-6-gb-citrus-yellow-xiaomi-mi-band-6,399990
117613,Xiaomi Mi 11i (128 GB / 8 GB / Cosmic Black),399990,399990,0,0,Qualcomm Snapdragon 888 5G [SM8350] (2840 MHz),"Super AMOLED 6.7"" táctil (2400x1080)",128 GB,Estándar 108.0 MP trasera / Estándar 20.0 MP frontal,Android 11,https://www.solotodo.cl/products/117613-xiaomi-mi-11i-128-gb-8-gb-cosmic-black,399990
121347,Xiaomi Pocophone F3 (256 GB / 8 GB / Arctic White) + Xiaomi Mi Band 6 + Carcasa,404990,404990,0,0,Qualcomm Snapdragon 870 5G (SM8250-AC) (3200 MHz),"AMOLED 6.7"" táctil (2400x1080)",256 GB,Estándar 48.0 MP trasera / Estándar 20.0 MP frontal,Android 11,https://www.solotodo.cl/products/121347-xiaomi-pocophone-f3-256-gb-8-gb-arctic-white-xiaomi-mi-band-6-carcasa,404990
121213,Xiaomi Pocophone F3 (256 GB / 8 GB / Arctic White) + Xiaomi Mi Band 6,404990,404990,0,0,Qualcomm Snapdragon 870 5G (SM8250-AC) (3200 MHz),"AMOLED 6.7"" táctil (2400x1080)",256 GB,Estándar 48.0 MP trasera / Estándar 20.0 MP frontal,Android 11,https://www.solotodo.cl/products/121213-xiaomi-pocophone-f3-256-gb-8-gb-arctic-white-xiaomi-mi-band-6,404990
124342,Xiaomi 11T (256 GB / 8 GB / Celestial Blue),409990,409990,0,0,MediaTek MT6893 Dimensity 1200 5G (3000 MHz),"AMOLED 6.8"" táctil (2400x1080)",256 GB,Estándar 108.0 MP trasera / Estándar 16.0 MP frontal,Android 11,https://www.solotodo.cl/products/124342-xiaomi-11t-256-gb-8-gb-celestial-blue,409990
125552,Xiaomi 11 Lite 5G NE (128 GB / 6 GB / Bubblegum Blue) + Xiaomi Mi Band 6,419760,419760,0,0,Qualcomm Snapdragon 778G (2400 MHz),"AMOLED 6,6"" táctil (2400x1080)",128 GB,Estándar 64.0 MP trasera / Estándar 20.0 MP frontal,Android 11,https://www.solotodo.cl/products/125552-xiaomi-11-lite-5g-ne-128-gb-6-gb-bubblegum-blue-xiaomi-mi-band-6,419760
125441,Xiaomi 11T (128 GB / 8 GB / Meteorite Gray),429990,429990,0,0,MediaTek MT6893 Dimensity 1200 5G (3000 MHz),"AMOLED 6.8"" táctil (2400x1080)",128 GB,Estándar 108.0 MP trasera / Estándar 16.0 MP frontal,Android 11,https://www.solotodo.cl/products/125441-xiaomi-11t-128-gb-8-gb-meteorite-gray,429990
124378,Xiaomi 11T (256 GB / 8 GB / Celestial Blue) + Xiaomi Mi Band 6 + Redmi Buds 3 Pro,449990,449990,0,0,MediaTek MT6893 Dimensity 1200 5G (3000 MHz),"AMOLED 6.8"" táctil (2400x1080)",256 GB,Estándar 108.0 MP trasera / Estándar 16.0 MP frontal,Android 11,https://www.solotodo.cl/products/124378-xiaomi-11t-256-gb-8-gb-celestial-blue-xiaomi-mi-band-6-redmi-buds-3-pro,449990
124601,Xiaomi 11T (256 GB / 8 GB / Moonlight White) + Xiaomi Mi Band 6 + Mi True Wireless Earphones 2 Basic,459990,459990,0,0,MediaTek MT6893 Dimensity 1200 5G (3000 MHz),"AMOLED 6.8"" táctil (2400x1080)",256 GB,Estándar 108.0 MP trasera / Estándar 16.0 MP frontal,Android 11,https://www.solotodo.cl/products/124601-xiaomi-11t-256-gb-8-gb-moonlight-white-xiaomi-mi-band-6-mi-true-wireless-earphones-2-basic,459990
125648,Xiaomi 11T (256 GB / 8 GB / Celestial Blue) + Xiaomi Mi Watch + Redmi Buds 3 Pro,459990,459990,0,0,MediaTek MT6893 Dimensity 1200 5G (3000 MHz),"AMOLED 6.8"" táctil (2400x1080)",256 GB,Estándar 108.0 MP trasera / Estándar 16.0 MP frontal,Android 11,https://www.solotodo.cl/products/125648-xiaomi-11t-256-gb-8-gb-celestial-blue-xiaomi-mi-watch-redmi-buds-3-pro,459990
124492,Xiaomi 11 Lite 5G NE (128 GB / 8 GB / Truffle Black),299990,299990,0,0,Qualcomm Snapdragon 778G (2400 MHz),"AMOLED 6,6"" táctil (2400x1080)",128 GB,Estándar 64.0 MP trasera / Estándar 20.0 MP frontal,Android 11,https://www.solotodo.cl/products/124492-xiaomi-11-lite-5g-ne-128-gb-8-gb-truffle-black,299990
124491,Xiaomi 11 Lite 5G NE (128 GB / 8 GB / Snowflake White) + Xiaomi Mi Band 6,299990,299990,0,0,Qualcomm Snapdragon 778G (2400 MHz),"AMOLED 6,6"" táctil (2400x1080)",128 GB,Estándar 64.0 MP trasera / Estándar 20.0 MP frontal,Android 11,https://www.solotodo.cl/products/124491-xiaomi-11-lite-5g-ne-128-gb-8-gb-snowflake-white-xiaomi-mi-band-6,299990
122827,Oppo Reno5 Lite (128 GB / 6 GB / Fluid Black) + Teclado,299990,299990,0,0,MediaTek Helio P95 (MT6779V) (2200 MHz),"AMOLED 6.3"" táctil (2400x1080)",128 GB,Estándar 48.0 MP trasera / Estándar 32.0 MP frontal,Android 11,https://www.solotodo.cl/products/122827-oppo-reno5-lite-128-gb-6-gb-fluid-black-teclado,299990
125449,Xiaomi Redmi 10 (128 GB / 6 GB / Sea Blue) + Carcasa,199990,199990,0,0,MediaTek Helio G88 (2000 MHz),"LCD IPS 6.5"" táctil (2400x1080)",128 GB,"Estándar 50,0 MP trasera / Estándar 8.0 MP frontal",Android 11,https://www.solotodo.cl/products/125449-xiaomi-redmi-10-128-gb-6-gb-sea-blue-carcasa,199990
106896,Xiaomi Pocophone X3 Pro (128 GB / 6 GB / Phantom Black) + Carcasa + Mi Wifi Range Pro,229990,229990,0,0,Qualcomm Snapdragon 860 (2960 MHz),"LCD IPS 6.7"" táctil (2400x1080)",128 GB,Estándar 48.0 MP trasera / Estándar 20.0 MP frontal,Android 11,https://www.solotodo.cl/products/106896-xiaomi-pocophone-x3-pro-128-gb-6-gb-phantom-black-carcasa-mi-wifi-range-pro,229990
125448,Xiaomi Redmi 10 (128 GB / 6 GB / Sea Blue),199990,199990,0,0,MediaTek Helio G88 (2000 MHz),"LCD IPS 6.5"" táctil (2400x1080)",128 GB,"Estándar 50,0 MP trasera / Estándar 8.0 MP frontal",Android 11,https://www.solotodo.cl/products/125448-xiaomi-redmi-10-128-gb-6-gb-sea-blue,199990
98891,Xiaomi Redmi Note 9T (128 GB / 4 GB / Nightfall Black),208990,208990,0,0,MediaTek Dimensity 800U (2400 MHz),"LCD IPS 6.5"" táctil (2340x1080)",128 GB,Estándar 48.0 MP trasera / Estándar 13.0 MP frontal,Android 10,https://www.solotodo.cl/products/98891-xiaomi-redmi-note-9t-128-gb-4-gb-nightfall-black,208990
87994,Xiaomi Poco X3 (128 GB / 6 GB / Cobalt Blue),209990,209990,0,0,Qualcomm Snapdragon 732G (SDM732G) (2300 MHz),"LCD IPS 6,6"" táctil (2400x1080)",128 GB,Estándar 64.0 MP trasera / Estándar 20.0 MP frontal,Android 10,https://www.solotodo.cl/products/87994-xiaomi-poco-x3-128-gb-6-gb-cobalt-blue,209990
107088,Xiaomi Pocophone X3 Pro (128 GB / 6 GB / Metal Bronze) + Carcasa,209990,209990,0,0,Qualcomm Snapdragon 860 (2960 MHz),"LCD IPS 6.7"" táctil (2400x1080)",128 GB,Estándar 48.0 MP trasera / Estándar 20.0 MP frontal,Android 11,https://www.solotodo.cl/products/107088-xiaomi-pocophone-x3-pro-128-gb-6-gb-metal-bronze-carcasa,209990
117819,Realme 8 5G (128 GB / 8 GB / Supersonic Blue),209990,209990,0,0,MediaTek MT6833 Dimensity 700 5G (2200 MHz),"LCD IPS 6.5"" táctil (2400x1080)",128 GB,Estándar 48.0 MP trasera / Estándar 16.0 MP frontal,Android 11,https://www.solotodo.cl/products/117819-realme-8-5g-128-gb-8-gb-supersonic-blue,209990
113324,Xiaomi Pocophone X3 Pro (128 GB / 6 GB / Metal Bronze) + Carcasa + Protector de Pantalla,213990,213990,0,0,Qualcomm Snapdragon 860 (2960 MHz),"LCD IPS 6.7"" táctil (2400x1080)",128 GB,Estándar 48.0 MP trasera / Estándar 20.0 MP frontal,Android 11,https://www.solotodo.cl/products/113324-xiaomi-pocophone-x3-pro-128-gb-6-gb-metal-bronze-carcasa-protector-de-pantalla,213990
116765,Xiaomi Redmi Note 10S (128 GB / 6 GB / Onyx Gray) + Carcasa,214990,214990,0,0,MediaTek Helio G95 (2050 MHz),"Super AMOLED 6.4"" táctil (2400x1080)",128 GB,Estándar 64.0 MP trasera / Estándar 13.0 MP frontal,Android 11,https://www.solotodo.cl/products/116765-xiaomi-redmi-note-10s-128-gb-6-gb-onyx-gray-carcasa,214990
117824,Xiaomi Pocophone X3 Pro (128 GB / 6 GB / Phantom Black) + Carcasa + Mi In-Ear Headphones Basic,217990,217990,0,0,Qualcomm Snapdragon 860 (2960 MHz),"LCD IPS 6.7"" táctil (2400x1080)",128 GB,Estándar 48.0 MP trasera / Estándar 20.0 MP frontal,Android 11,https://www.solotodo.cl/products/117824-xiaomi-pocophone-x3-pro-128-gb-6-gb-phantom-black-carcasa-mi-in-ear-headphones-basic,217990
99769,Xiaomi Redmi 9T (128 GB / 6 GB / Twilight Blue),219990,219990,0,0,Qualcomm Snapdragon 662 (2000 MHz),"LCD IPS 6.5"" táctil (2340x1080)",128 GB,Estándar 48.0 MP trasera / Estándar 8.0 MP frontal,Android 10,https://www.solotodo.cl/products/99769-xiaomi-redmi-9t-128-gb-6-gb-twilight-blue,219990
112765,Oppo Reno5 Lite (128 GB / 6 GB / Fluid Black),219990,219990,0,0,MediaTek Helio P95 (MT6779V) (2200 MHz),"AMOLED 6.3"" táctil (2400x1080)",128 GB,Estándar 48.0 MP trasera / Estándar 32.0 MP frontal,Android 11,https://www.solotodo.cl/products/112765-oppo-reno5-lite-128-gb-6-gb-fluid-black,219990
117910,LG V40 ThinQ (128 GB / 6 GB / New Moroccan Blue),219990,219990,0,0,Qualcomm Snapdragon 845 (2700 MHz),"P-OLED 6.4"" táctil (3120x1440)",128 GB,Estándar 12.0 MP trasera / Estándar 8.0 MP frontal,"Android 8.1 ""Oreo""",https://www.solotodo.cl/products/117910-lg-v40-thinq-128-gb-6-gb-new-moroccan-blue,219990
115927,Xiaomi Pocophone X3 Pro (128 GB / 6 GB / Frost Blue) + Carcasa + Lámina,223990,223990,0,0,Qualcomm Snapdragon 860 (2960 MHz),"LCD IPS 6.7"" táctil (2400x1080)",128 GB,Estándar 48.0 MP trasera / Estándar 20.0 MP frontal,Android 11,https://www.solotodo.cl/products/115927-xiaomi-pocophone-x3-pro-128-gb-6-gb-frost-blue-carcasa-lamina,223990
115580,Xiaomi Pocophone M3 Pro 5G (128 GB / 6 GB / Cool Blue) + Mi True Wireless Earbuds Basic 2,224990,224990,0,0,MediaTek MT6833 Dimensity 700 5G (2200 MHz),"LCD IPS 6.5"" táctil (2340x1080)",128 GB,Estándar 48.0 MP trasera / Estándar 8.0 MP frontal,Android 11,https://www.solotodo.cl/products/115580-xiaomi-pocophone-m3-pro-5g-128-gb-6-gb-cool-blue-mi-true-wireless-earbuds-basic-2,224990
105841,Xiaomi Pocophone X3 Pro (128 GB / 6 GB / Frost Blue) + Audífonos AIWA AW-660BT + Carcasa,225990,225990,0,0,Qualcomm Snapdragon 860 (2960 MHz),"LCD IPS 6.7"" táctil (2400x1080)",128 GB,Estándar 48.0 MP trasera / Estándar 20.0 MP frontal,Android 11,https://www.solotodo.cl/products/105841-xiaomi-pocophone-x3-pro-128-gb-6-gb-frost-blue-audifonos-aiwa-aw-660bt-carcasa,225990
106863,Xiaomi Pocophone X3 Pro (128 GB / 6 GB / Phantom Black) + Mi Band 5 + Carcasa,226990,226990,0,0,Qualcomm Snapdragon 860 (2960 MHz),"LCD IPS 6.7"" táctil (2400x1080)",128 GB,Estándar 48.0 MP trasera / Estándar 20.0 MP frontal,Android 11,https://www.solotodo.cl/products/106863-xiaomi-pocophone-x3-pro-128-gb-6-gb-phantom-black-mi-band-5-carcasa,226990
113617,Xiaomi Redmi Note 10S (128 GB / 6 GB / Onyx Gray) + Mi True Wireless Earbuds Basic 2,224990,224990,0,0,MediaTek Helio G95 (2050 MHz),"Super AMOLED 6.4"" táctil (2400x1080)",128 GB,Estándar 64.0 MP trasera / Estándar 13.0 MP frontal,Android 11,https://www.solotodo.cl/products/113617-xiaomi-redmi-note-10s-128-gb-6-gb-onyx-gray-mi-true-wireless-earbuds-basic-2,224990
127105,Xiaomi Pocophone X3 Pro (128 GB / 6 GB / Phantom Black) + Mi True Wireless Earphones 2 Basic,199990,199990,0,0,Qualcomm Snapdragon 860 (2960 MHz),"LCD IPS 6.7"" táctil (2400x1080)",128 GB,Estándar 48.0 MP trasera / Estándar 20.0 MP frontal,Android 11,https://www.solotodo.cl/products/127105-xiaomi-pocophone-x3-pro-128-gb-6-gb-phantom-black-mi-true-wireless-earphones-2-basic,199990
111981,Xiaomi Redmi Note 10S (128 GB / 6 GB / Onyx Gray) + Mi True Wireless Earphones 2 Basic,229990,229990,0,0,MediaTek Helio G95 (2050 MHz),"Super AMOLED 6.4"" táctil (2400x1080)",128 GB,Estándar 64.0 MP trasera / Estándar 13.0 MP frontal,Android 11,https://www.solotodo.cl/products/111981-xiaomi-redmi-note-10s-128-gb-6-gb-onyx-gray-mi-true-wireless-earphones-2-basic,229990
91589,LG K62 (White),229990,229990,0,0,MediaTek Helio P35 (MT6765) (2300 MHz),"LCD IPS 6,6"" táctil (2400x1080)",128 GB,"Estándar 48.0 MP trasera / Estándar 28,0 MP frontal",Android 10,https://www.solotodo.cl/products/91589-lg-k62-white,229990
94755,Xiaomi Mi 10T Lite 5G (128 GB / 6 GB / Pearl Gray),199990,199990,0,0,Qualcomm Snapdragon 750 5G (SM7225) (2200 MHz),"LCD IPS 6.7"" táctil (2400x1080)",128 GB,Estándar 64.0 MP trasera / Estándar 16.0 MP frontal,Android 10,https://www.solotodo.cl/products/94755-xiaomi-mi-10t-lite-5g-128-gb-6-gb-pearl-gray,199990
106932,Xiaomi Pocophone X3 Pro (256 GB / 8 GB / Phantom Black),199990,199990,0,0,Qualcomm Snapdragon 860 (2960 MHz),"LCD IPS 6.7"" táctil (2400x1080)",256 GB,Estándar 48.0 MP trasera / Estándar 20.0 MP frontal,Android 11,https://www.solotodo.cl/products/106932-xiaomi-pocophone-x3-pro-256-gb-8-gb-phantom-black,199990
81426,Xiaomi Redmi Note 9 (128 GB / 4 GB / Midnight Gray),139990,139990,0,0,MediaTek Helio G85 (2000 MHz),"LCD IPS 6.5"" táctil (2340x1080)",128 GB,Estándar 48.0 MP trasera / Estándar 13.0 MP frontal,Android 10,https://www.solotodo.cl/products/81426-xiaomi-redmi-note-9-128-gb-4-gb-midnight-gray,139990
87241,LG K71 (128 GB / 4 GB / Holo Titan),149990,149990,0,0,MediaTek Helio P35 (MT6765) (2300 MHz),"LCD IPS 6.8"" táctil (2460x1080)",128 GB,Estándar 48.0 MP trasera / Estándar 32.0 MP frontal,Android 10,https://www.solotodo.cl/products/87241-lg-k71-128-gb-4-gb-holo-titan,149990
115215,Oppo A54 (128 GB / 4 GB / Crystal Black),149990,149990,0,0,MediaTek Helio P35 (MT6765) (2300 MHz),"LCD IPS 6.5"" táctil (1600x720)",128 GB,Estándar 13.0 MP trasera / Estándar 16.0 MP frontal,Android 10,https://www.solotodo.cl/products/115215-oppo-a54-128-gb-4-gb-crystal-black,149990
112674,Xiaomi Redmi Note 10S (128 GB / 6 GB / Frost White),149990,149990,0,0,MediaTek Helio G95 (2050 MHz),"Super AMOLED 6.4"" táctil (2400x1080)",128 GB,Estándar 64.0 MP trasera / Estándar 13.0 MP frontal,Android 11,https://www.solotodo.cl/products/112674-xiaomi-redmi-note-10s-128-gb-6-gb-frost-white,149990
114409,Xiaomi Redmi Note 10 5G (128 GB / 4 GB / Graphite Gray),155760,155760,0,0,MediaTek MT6833 Dimensity 700 5G (2200 MHz),"LCD IPS 6.5"" táctil (2400x1080)",128 GB,Estándar 48.0 MP trasera / Estándar 8.0 MP frontal,Android 11,https://www.solotodo.cl/products/114409-xiaomi-redmi-note-10-5g-128-gb-4-gb-graphite-gray,155760
92305,LG K61 (Q630HA / Titan) + Audífonos LG Tone Free,159990,159990,0,0,MediaTek Helio P35 (MT6765) (2300 MHz),"LCD IPS 6.5"" táctil (2340x1080)",128 GB,Estándar 48.0 MP trasera / Estándar 16.0 MP frontal,"Android 9.0 ""Pie""",https://www.solotodo.cl/products/92305-lg-k61-q630ha-titan-audifonos-lg-tone-free,159990
120456,Xiaomi Redmi 10 (128 GB / 4 GB / Carbon Gray),159990,159990,0,0,MediaTek Helio G88 (2000 MHz),"LCD IPS 6.5"" táctil (2400x1080)",128 GB,"Estándar 50,0 MP trasera / Estándar 8.0 MP frontal",Android 11,https://www.solotodo.cl/products/120456-xiaomi-redmi-10-128-gb-4-gb-carbon-gray,159990
81065,Xiaomi Redmi Note 9 Pro (128 GB / 6 GB / Tropical Green),179990,179990,0,0,Qualcomm Snapdragon 720G (SM7125) (2300 MHz),"LCD IPS 6.7"" táctil (2400x1080)",128 GB,Estándar 64.0 MP trasera / Estándar 16.0 MP frontal,Android 10,https://www.solotodo.cl/products/81065-xiaomi-redmi-note-9-pro-128-gb-6-gb-tropical-green,179990
112672,Xiaomi Pocophone F3 (128 GB / 6 GB / Night Black) + Mi Band 5 + Carcasa,351990,351990,0,0,Qualcomm Snapdragon 870 5G (SM8250-AC) (3200 MHz),"AMOLED 6.7"" táctil (2400x1080)",128 GB,Estándar 48.0 MP trasera / Estándar 20.0 MP frontal,Android 11,https://www.solotodo.cl/products/112672-xiaomi-pocophone-f3-128-gb-6-gb-night-black-mi-band-5-carcasa,351990
107124,Xiaomi Pocophone X3 Pro (128 GB / 6 GB / Phantom Black),179990,179990,0,0,Qualcomm Snapdragon 860 (2960 MHz),"LCD IPS 6.7"" táctil (2400x1080)",128 GB,Estándar 48.0 MP trasera / Estándar 20.0 MP frontal,Android 11,https://www.solotodo.cl/products/107124-xiaomi-pocophone-x3-pro-128-gb-6-gb-phantom-black,179990
84013,Xiaomi Redmi Note 9S (128 GB / 4 GB / Aurora Blue),189990,189990,0,0,Qualcomm Snapdragon 720G (SM7125) (2300 MHz),"LCD IPS 6.7"" táctil (2400x1080)",128 GB,Estándar 48.0 MP trasera / Estándar 16.0 MP frontal,Android 10,https://www.solotodo.cl/products/84013-xiaomi-redmi-note-9s-128-gb-4-gb-aurora-blue,189990
125446,Xiaomi Redmi 10 (128 GB / 4 GB / Carbon Gray) + Carcasa,189990,189990,0,0,MediaTek Helio G88 (2000 MHz),"LCD IPS 6.5"" táctil (2400x1080)",128 GB,"Estándar 50,0 MP trasera / Estándar 8.0 MP frontal",Android 11,https://www.solotodo.cl/products/125446-xiaomi-redmi-10-128-gb-4-gb-carbon-gray-carcasa,189990
117412,Xiaomi Pocophone M3 Pro 5G (128 GB / 6 GB / Poco Yellow),189990,189990,0,0,MediaTek MT6833 Dimensity 700 5G (2200 MHz),"LCD IPS 6.5"" táctil (2340x1080)",128 GB,Estándar 48.0 MP trasera / Estándar 8.0 MP frontal,Android 11,https://www.solotodo.cl/products/117412-xiaomi-pocophone-m3-pro-5g-128-gb-6-gb-poco-yellow,189990
117606,Xiaomi Pocophone M3 Pro 5G (128 GB / 6 GB / Power Black) + Carcasa,198990,198990,0,0,MediaTek MT6833 Dimensity 700 5G (2200 MHz),"LCD IPS 6.5"" táctil (2340x1080)",128 GB,Estándar 48.0 MP trasera / Estándar 8.0 MP frontal,Android 11,https://www.solotodo.cl/products/117606-xiaomi-pocophone-m3-pro-5g-128-gb-6-gb-power-black-carcasa,198990
68838,Xiaomi Redmi Note 8 Pro (128 GB / 6 GB / Forest Green) + Carcasa,199990,199990,0,0,MediaTek Helio G90T (MT6785) (2050 MHz),"LCD IPS 6.5"" táctil (2340x1080)",128 GB,Estándar 64.0 MP trasera / Estándar 20.0 MP frontal,"Android 9.0 ""Pie""",https://www.solotodo.cl/products/68838-xiaomi-redmi-note-8-pro-128-gb-6-gb-forest-green-carcasa,199990
97724,Xiaomi Pocophone M3 (128 GB / 6 GB / Power Black),199990,199990,0,0,Qualcomm Snapdragon 662 (2000 MHz),"LCD IPS 6.5"" táctil (2340x1080)",128 GB,Estándar 48.0 MP trasera / Estándar 8.0 MP frontal,Android 10,https://www.solotodo.cl/products/97724-xiaomi-pocophone-m3-128-gb-6-gb-power-black,199990
79542,Xiaomi Redmi Note 9S (128 GB / 6 GB / Aurora Blue),229990,229990,0,0,Qualcomm Snapdragon 720G (SM7125) (2300 MHz),"LCD IPS 6.7"" táctil (2400x1080)",128 GB,Estándar 48.0 MP trasera / Estándar 16.0 MP frontal,Android 10,https://www.solotodo.cl/products/79542-xiaomi-redmi-note-9s-128-gb-6-gb-aurora-blue,229990
109303,Xiaomi Pocophone X3 Pro (128 GB / 6 GB / Metal Bronze) + Audifonos AIWA AW7 + Carcasa,233990,233990,0,0,Qualcomm Snapdragon 860 (2960 MHz),"LCD IPS 6.7"" táctil (2400x1080)",128 GB,Estándar 48.0 MP trasera / Estándar 20.0 MP frontal,Android 11,https://www.solotodo.cl/products/109303-xiaomi-pocophone-x3-pro-128-gb-6-gb-metal-bronze-audifonos-aiwa-aw7-carcasa,233990
112041,Xiaomi Redmi Note 10 Pro (128 GB / 6 GB / Glacier Blue) + Carcasa,299990,299990,0,0,Qualcomm Snapdragon 732G (SDM732G) (2300 MHz),"AMOLED 6.7"" táctil (2400x1080)",128 GB,Estándar 108.0 MP trasera / Estándar 16.0 MP frontal,Android 11,https://www.solotodo.cl/products/112041-xiaomi-redmi-note-10-pro-128-gb-6-gb-glacier-blue-carcasa,299990
117905,Xiaomi Redmi Note 10S (128 GB / 8 GB / Frost White),259990,259990,0,0,MediaTek Helio G95 (2050 MHz),"Super AMOLED 6.4"" táctil (2400x1080)",128 GB,Estándar 64.0 MP trasera / Estándar 13.0 MP frontal,Android 11,https://www.solotodo.cl/products/117905-xiaomi-redmi-note-10s-128-gb-8-gb-frost-white,259990
109860,Xiaomi Redmi Note 10 Pro (128 GB / 6 GB / Glacier Blue),264990,264990,0,0,Qualcomm Snapdragon 732G (SDM732G) (2300 MHz),"AMOLED 6.7"" táctil (2400x1080)",128 GB,Estándar 108.0 MP trasera / Estándar 16.0 MP frontal,Android 11,https://www.solotodo.cl/products/109860-xiaomi-redmi-note-10-pro-128-gb-6-gb-glacier-blue,264990
121423,Xiaomi Redmi Note 10 Pro 5G (128 GB / 8 GB / Wave Blue),269990,269990,0,0,MediaTek MT6891Z Dimensity 1100 5G (2600 MHz),"LCD IPS 6,6"" táctil (2400x1080)",128 GB,Estándar 64.0 MP trasera / Estándar 16.0 MP frontal,Android 11,https://www.solotodo.cl/products/121423-xiaomi-redmi-note-10-pro-5g-128-gb-8-gb-wave-blue,269990
122905,Xiaomi Pocophone X3 GT (128 GB / 8 GB / Stargaze Black) + Xiaomi Mi Band 5,271990,271990,0,0,MediaTek MT6891Z Dimensity 1100 5G (2600 MHz),"LCD IPS 6,6"" táctil (2400x1080)",128 GB,Estándar 64.0 MP trasera / Estándar 16.0 MP frontal,Android 11,https://www.solotodo.cl/products/122905-xiaomi-pocophone-x3-gt-128-gb-8-gb-stargaze-black-xiaomi-mi-band-5,271990
78087,LG V50 ThinQ (128 GB / 6 GB / New Aurora Black),269990,269990,0,0,Qualcomm Snapdragon 855 (SDM855) (2800 MHz),"P-OLED 6.4"" táctil (3120x1440)",128 GB,Estándar 12.0 MP trasera / Estándar 8.0 MP frontal,"Android 9.0 ""Pie""",https://www.solotodo.cl/products/78087-lg-v50-thinq-128-gb-6-gb-new-aurora-black,269990
122963,Xiaomi Pocophone X3 GT (128 GB / 8 GB / Stargaze Black) + Carcasa,274990,274990,0,0,MediaTek MT6891Z Dimensity 1100 5G (2600 MHz),"LCD IPS 6,6"" táctil (2400x1080)",128 GB,Estándar 64.0 MP trasera / Estándar 16.0 MP frontal,Android 11,https://www.solotodo.cl/products/122963-xiaomi-pocophone-x3-gt-128-gb-8-gb-stargaze-black-carcasa,274990
118274,Xiaomi Poco X3 (128 GB / 6 GB / Cobalt Blue) + Huawei Freebuds 3i + Carcasa,279990,279990,0,0,Qualcomm Snapdragon 732G (SDM732G) (2300 MHz),"LCD IPS 6,6"" táctil (2400x1080)",128 GB,Estándar 64.0 MP trasera / Estándar 20.0 MP frontal,Android 10,https://www.solotodo.cl/products/118274-xiaomi-poco-x3-128-gb-6-gb-cobalt-blue-huawei-freebuds-3i-carcasa,279990
122907,Xiaomi Pocophone X3 GT (128 GB / 8 GB / Wave Blue) + Xiaomi Mi Band 6,284990,284990,0,0,MediaTek MT6891Z Dimensity 1100 5G (2600 MHz),"LCD IPS 6,6"" táctil (2400x1080)",128 GB,Estándar 64.0 MP trasera / Estándar 16.0 MP frontal,Android 11,https://www.solotodo.cl/products/122907-xiaomi-pocophone-x3-gt-128-gb-8-gb-wave-blue-xiaomi-mi-band-6,284990
113618,Xiaomi Redmi Note 10 Pro (128 GB / 6 GB / Onyx Gray) + Mi Compact Speaker 2 + Carcasa,287990,287990,0,0,Qualcomm Snapdragon 732G (SDM732G) (2300 MHz),"AMOLED 6.7"" táctil (2400x1080)",128 GB,Estándar 108.0 MP trasera / Estándar 16.0 MP frontal,Android 11,https://www.solotodo.cl/products/113618-xiaomi-redmi-note-10-pro-128-gb-6-gb-onyx-gray-mi-compact-speaker-2-carcasa,287990
118276,Xiaomi Pocophone X3 Pro (128 GB / 6 GB / Phantom Black) + Huawei FreeBuds 4i + Carcasa,289990,289990,0,0,Qualcomm Snapdragon 860 (2960 MHz),"LCD IPS 6.7"" táctil (2400x1080)",128 GB,Estándar 48.0 MP trasera / Estándar 20.0 MP frontal,Android 11,https://www.solotodo.cl/products/118276-xiaomi-pocophone-x3-pro-128-gb-6-gb-phantom-black-huawei-freebuds-4i-carcasa,289990
121715,Realme 8 5G (128 GB / 8 GB / Supersonic Black) + Realme Watch 2 Pro,289990,289990,0,0,MediaTek MT6833 Dimensity 700 5G (2200 MHz),"LCD IPS 6.5"" táctil (2400x1080)",128 GB,Estándar 48.0 MP trasera / Estándar 16.0 MP frontal,Android 11,https://www.solotodo.cl/products/121715-realme-8-5g-128-gb-8-gb-supersonic-black-realme-watch-2-pro,289990
126359,Xiaomi Pocophone X3 Pro (128 GB / 6 GB / Phantom Black) + Mi Robot Vacuum-Mop Essential,289990,289990,0,0,Qualcomm Snapdragon 860 (2960 MHz),"LCD IPS 6.7"" táctil (2400x1080)",128 GB,Estándar 48.0 MP trasera / Estándar 20.0 MP frontal,Android 11,https://www.solotodo.cl/products/126359-xiaomi-pocophone-x3-pro-128-gb-6-gb-phantom-black-mi-robot-vacuum-mop-essential,289990
114523,Xiaomi Redmi Note 10 Pro (128 GB / 6 GB / Glacier Blue) + Audífonos AIWA AW-660BT + Carcasa,292990,292990,0,0,Qualcomm Snapdragon 732G (SDM732G) (2300 MHz),"AMOLED 6.7"" táctil (2400x1080)",128 GB,Estándar 108.0 MP trasera / Estándar 16.0 MP frontal,Android 11,https://www.solotodo.cl/products/114523-xiaomi-redmi-note-10-pro-128-gb-6-gb-glacier-blue-audifonos-aiwa-aw-660bt-carcasa,292990
119926,Xiaomi Pocophone X3 GT (256 GB / 8 GB / Stargaze Black),294990,294990,0,0,MediaTek MT6891Z Dimensity 1100 5G (2600 MHz),"LCD IPS 6,6"" táctil (2400x1080)",256 GB,Estándar 64.0 MP trasera / Estándar 16.0 MP frontal,Android 11,https://www.solotodo.cl/products/119926-xiaomi-pocophone-x3-gt-256-gb-8-gb-stargaze-black,294990
125877,Xiaomi Pocophone X3 GT (128 GB / 8 GB / Stargaze Black) + Carcasa + Honor Flypods Lite,294990,294990,0,0,MediaTek MT6891Z Dimensity 1100 5G (2600 MHz),"LCD IPS 6,6"" táctil (2400x1080)",128 GB,Estándar 64.0 MP trasera / Estándar 16.0 MP frontal,Android 11,https://www.solotodo.cl/products/125877-xiaomi-pocophone-x3-gt-128-gb-8-gb-stargaze-black-carcasa-honor-flypods-lite,294990
84929,Xiaomi Mi 10 Lite (128 GB / 6 GB / Cosmic Gray),299900,299900,0,0,Qualcomm 765G (2400 MHz),"AMOLED 6,6"" táctil (2400x1080)",128 GB,Estándar 48.0 MP trasera / Estándar 16.0 MP frontal,Android 10,https://www.solotodo.cl/products/84929-xiaomi-mi-10-lite-128-gb-6-gb-cosmic-gray,299900
112800,Xiaomi Pocophone F3 (128 GB / 6 GB / Deep Ocean Blue),299900,299900,0,0,Qualcomm Snapdragon 870 5G (SM8250-AC) (3200 MHz),"AMOLED 6.7"" táctil (2400x1080)",128 GB,Estándar 48.0 MP trasera / Estándar 20.0 MP frontal,Android 11,https://www.solotodo.cl/products/112800-xiaomi-pocophone-f3-128-gb-6-gb-deep-ocean-blue,299900
68893,Xiaomi Redmi Note 8 (128 GB / 4 GB / Black),299990,299990,0,0,Qualcomm Snapdragon 665 (SDM665) (2000 MHz),"LCD IPS 6.3"" táctil (2340x1080)",128 GB,Estándar 48.0 MP trasera / Estándar 13.0 MP frontal,"Android 9.0 ""Pie""",https://www.solotodo.cl/products/68893-xiaomi-redmi-note-8-128-gb-4-gb-black,299990
105822,Realme 8 Pro (128 GB / 8 GB / Infinite Black),264990,264990,0,0,Qualcomm Snapdragon 720G [SM7125] (2300 MHz),"Super AMOLED 6.4"" táctil (2400x1080)",128 GB,Estándar 108.0 MP trasera / Gran angular (Wide angle) 16.0 MP frontal,Android 11,https://www.solotodo.cl/products/105822-realme-8-pro-128-gb-8-gb-infinite-black,264990
112179,Xiaomi Pocophone X3 Pro (128 GB / 6 GB / Phantom Black) + Mi Watch Lite + Carcasa,257990,257990,0,0,Qualcomm Snapdragon 860 (2960 MHz),"LCD IPS 6.7"" táctil (2400x1080)",128 GB,Estándar 48.0 MP trasera / Estándar 20.0 MP frontal,Android 11,https://www.solotodo.cl/products/112179-xiaomi-pocophone-x3-pro-128-gb-6-gb-phantom-black-mi-watch-lite-carcasa,257990
120464,Xiaomi Redmi Note 10 Pro (128 GB / 6 GB / Onyx Gray) + Mi True Wireless Earbuds Basic 2s,299990,299990,0,0,Qualcomm Snapdragon 732G (SDM732G) (2300 MHz),"AMOLED 6.7"" táctil (2400x1080)",128 GB,Estándar 108.0 MP trasera / Estándar 16.0 MP frontal,Android 11,https://www.solotodo.cl/products/120464-xiaomi-redmi-note-10-pro-128-gb-6-gb-onyx-gray-mi-true-wireless-earbuds-basic-2s,299990
118151,LG G8 ThinQ (G820 / New Moroccan Blue),249990,249990,0,0,Qualcomm Snapdragon 855 (SDM855) (2840 MHz),"P-OLED 6.1"" táctil (3120x1440)",128 GB,Estándar 12.0 MP trasera / Estándar 8.0 MP frontal,"Android 9.0 ""Pie""",https://www.solotodo.cl/products/118151-lg-g8-thinq-g820-new-moroccan-blue,249990
119725,Xiaomi Redmi Note 10 5G (128 GB / 6 GB / Nighttime Blue) + Mi True Wireless Earbuds Basic 2s,234990,234990,0,0,MediaTek MT6833 Dimensity 700 5G (2200 MHz),"LCD IPS 6.5"" táctil (2400x1080)",128 GB,Estándar 48.0 MP trasera / Estándar 8.0 MP frontal,Android 11,https://www.solotodo.cl/products/119725-xiaomi-redmi-note-10-5g-128-gb-6-gb-nighttime-blue-mi-true-wireless-earbuds-basic-2s,234990
106855,Xiaomi Pocophone X3 Pro (128 GB / 6 GB / Frost Blue) + Audifonos AIWA AW7 + Carcasa,236990,236990,0,0,Qualcomm Snapdragon 860 (2960 MHz),"LCD IPS 6.7"" táctil (2400x1080)",128 GB,Estándar 48.0 MP trasera / Estándar 20.0 MP frontal,Android 11,https://www.solotodo.cl/products/106855-xiaomi-pocophone-x3-pro-128-gb-6-gb-frost-blue-audifonos-aiwa-aw7-carcasa,236990
106884,Xiaomi Pocophone X3 Pro (128 GB / 6 GB / Phantom Black) + Audifonos AIWA AW8 + Carcasa,237990,237990,0,0,Qualcomm Snapdragon 860 (2960 MHz),"LCD IPS 6.7"" táctil (2400x1080)",128 GB,Estándar 48.0 MP trasera / Estándar 20.0 MP frontal,Android 11,https://www.solotodo.cl/products/106884-xiaomi-pocophone-x3-pro-128-gb-6-gb-phantom-black-audifonos-aiwa-aw8-carcasa,237990
106882,Xiaomi Pocophone X3 Pro (128 GB / 6 GB / Frost Blue) + Audifonos AIWA AW9 + Carcasa,237990,237990,0,0,Qualcomm Snapdragon 860 (2960 MHz),"LCD IPS 6.7"" táctil (2400x1080)",128 GB,Estándar 48.0 MP trasera / Estándar 20.0 MP frontal,Android 11,https://www.solotodo.cl/products/106882-xiaomi-pocophone-x3-pro-128-gb-6-gb-frost-blue-audifonos-aiwa-aw9-carcasa,237990
97043,Xiaomi Poco X3 (128 GB / 6 GB / Cobalt Blue) + Carcasa + Mi True Wireless Earbuds Basic 2,234990,234990,0,0,Qualcomm Snapdragon 732G (SDM732G) (2300 MHz),"LCD IPS 6,6"" táctil (2400x1080)",128 GB,Estándar 64.0 MP trasera / Estándar 20.0 MP frontal,Android 10,https://www.solotodo.cl/products/97043-xiaomi-poco-x3-128-gb-6-gb-cobalt-blue-carcasa-mi-true-wireless-earbuds-basic-2,234990
113552,Xiaomi Pocophone X3 Pro (128 GB / 6 GB / Metal Bronze) + Mi True Wireless Earbuds Basic 2,234990,234990,0,0,Qualcomm Snapdragon 860 (2960 MHz),"LCD IPS 6.7"" táctil (2400x1080)",128 GB,Estándar 48.0 MP trasera / Estándar 20.0 MP frontal,Android 11,https://www.solotodo.cl/products/113552-xiaomi-pocophone-x3-pro-128-gb-6-gb-metal-bronze-mi-true-wireless-earbuds-basic-2,234990
113619,Xiaomi Mi 11 Lite (128 GB / 6 GB / Boba Black) + Carcasa,238990,238990,0,0,Qualcomm Snapdragon 732G (SDM732G) (2300 MHz),"AMOLED 6,6"" táctil (2400x1080)",128 GB,Estándar 64.0 MP trasera / Estándar 16.0 MP frontal,Android 11,https://www.solotodo.cl/products/113619-xiaomi-mi-11-lite-128-gb-6-gb-boba-black-carcasa,238990
70339,Xiaomi Redmi Note 8 Pro (128 GB / 6 GB / Deep Blue),239990,239990,0,0,MediaTek Helio G90T (MT6785) (2050 MHz),"LCD IPS 6.5"" táctil (2340x1080)",128 GB,Estándar 64.0 MP trasera / Estándar 20.0 MP frontal,"Android 9.0 ""Pie""",https://www.solotodo.cl/products/70339-xiaomi-redmi-note-8-pro-128-gb-6-gb-deep-blue,239990
121350,Xiaomi Pocophone X3 Pro (128 GB / 6 GB / Frost Blue) + Xiaomi Mi Band 6 + Carcasa,239990,239990,0,0,Qualcomm Snapdragon 860 (2960 MHz),"LCD IPS 6.7"" táctil (2400x1080)",128 GB,Estándar 48.0 MP trasera / Estándar 20.0 MP frontal,Android 11,https://www.solotodo.cl/products/121350-xiaomi-pocophone-x3-pro-128-gb-6-gb-frost-blue-xiaomi-mi-band-6-carcasa,239990
106865,Xiaomi Pocophone X3 Pro (128 GB / 6 GB / Frost Blue) + Honor Band 6 + Carcasa,244990,244990,0,0,Qualcomm Snapdragon 860 (2960 MHz),"LCD IPS 6.7"" táctil (2400x1080)",128 GB,Estándar 48.0 MP trasera / Estándar 20.0 MP frontal,Android 11,https://www.solotodo.cl/products/106865-xiaomi-pocophone-x3-pro-128-gb-6-gb-frost-blue-honor-band-6-carcasa,244990
115039,Xiaomi Pocophone X3 Pro (128 GB / 6 GB / Metal Bronze) + Xiaomi Mi Band 6,244990,244990,0,0,Qualcomm Snapdragon 860 (2960 MHz),"LCD IPS 6.7"" táctil (2400x1080)",128 GB,Estándar 48.0 MP trasera / Estándar 20.0 MP frontal,Android 11,https://www.solotodo.cl/products/115039-xiaomi-pocophone-x3-pro-128-gb-6-gb-metal-bronze-xiaomi-mi-band-6,244990
118131,Xiaomi Redmi Note 10 5G (256 GB / 8 GB / Graphite Gray),244990,244990,0,0,MediaTek MT6833 Dimensity 700 5G (2200 MHz),"LCD IPS 6.5"" táctil (2400x1080)",256 GB,Estándar 48.0 MP trasera / Estándar 8.0 MP frontal,Android 11,https://www.solotodo.cl/products/118131-xiaomi-redmi-note-10-5g-256-gb-8-gb-graphite-gray,244990
118173,Xiaomi Redmi Note 10 5G (256 GB / 8 GB / Graphite Gray) + Carcasa,244990,244990,0,0,MediaTek MT6833 Dimensity 700 5G (2200 MHz),"LCD IPS 6.5"" táctil (2400x1080)",256 GB,Estándar 48.0 MP trasera / Estándar 8.0 MP frontal,Android 11,https://www.solotodo.cl/products/118173-xiaomi-redmi-note-10-5g-256-gb-8-gb-graphite-gray-carcasa,244990
125875,Xiaomi Pocophone X3 Pro (128 GB / 6 GB / Phantom Black) + Carcasa + Honor Flypods Lite,244990,244990,0,0,Qualcomm Snapdragon 860 (2960 MHz),"LCD IPS 6.7"" táctil (2400x1080)",128 GB,Estándar 48.0 MP trasera / Estándar 20.0 MP frontal,Android 11,https://www.solotodo.cl/products/125875-xiaomi-pocophone-x3-pro-128-gb-6-gb-phantom-black-carcasa-honor-flypods-lite,244990
119928,Xiaomi Pocophone X3 GT (128 GB / 8 GB / Cloud White),248900,248900,0,0,MediaTek MT6891Z Dimensity 1100 5G (2600 MHz),"LCD IPS 6,6"" táctil (2400x1080)",128 GB,Estándar 64.0 MP trasera / Estándar 16.0 MP frontal,Android 11,https://www.solotodo.cl/products/119928-xiaomi-pocophone-x3-gt-128-gb-8-gb-cloud-white,248900
104454,Xiaomi Mi 11 Lite (128 GB / 6 GB / Boba Black),249990,249990,0,0,Qualcomm Snapdragon 732G (SDM732G) (2300 MHz),"AMOLED 6,6"" táctil (2400x1080)",128 GB,Estándar 64.0 MP trasera / Estándar 16.0 MP frontal,Android 11,https://www.solotodo.cl/products/104454-xiaomi-mi-11-lite-128-gb-6-gb-boba-black,249990
104721,Xiaomi Pocophone X3 Pro (256 GB / 8 GB / Phantom Black) + Carcasa,249990,249990,0,0,Qualcomm Snapdragon 860 (2960 MHz),"LCD IPS 6.7"" táctil (2400x1080)",256 GB,Estándar 48.0 MP trasera / Estándar 20.0 MP frontal,Android 11,https://www.solotodo.cl/products/104721-xiaomi-pocophone-x3-pro-256-gb-8-gb-phantom-black-carcasa,249990
122463,Apple iPhone 13 (128 GB / Blue),843890,843890,0,0,Apple A15 Bionic (3223 MHz),"Super Retina XDR OLED 6.1"" táctil (2532x1170)",128 GB,Estándar 12.0 MP trasera / Estándar 12.0 MP frontal,iOS 15,https://www.solotodo.cl/products/122463-apple-iphone-13-128-gb-blue,843890
