id,name,price,today,diff price,diff percent,processor,screen,capacity,phone connet,so,url,12/12/21,13/12/21,14/12/21,15/12/21,16/12/21,17/12/21,18/12/21,19/12/21,20/12/21,21/12/21,22/12/21,23/12/21,24/12/21,27/12/21,28/12/21,29/12/21,30/12/21,31/12/21,02/01/22
17943,Apple iPad Air 2 [MGHY2CI/A],186386,159904,-26482,14,Apple A8X (1500 MHz),"9.7"" (2048x1536)",64 GB,4G,iOS 8.1,https://www.solotodo.cl/products/17943-apple-ipad-air-2-mghy2cia,189696,189696,189696,189696,189696,189696,189696,189696,189696,189696,189696,189696,189696,189696,189696,189696,159904,159904,159904
113164,Apple iPad Pro 12.9 2021 (Wi-Fi / 2 TB / Space Gray) [MHNP3CI/A],1733323,1499990,-233333,13,Apple M1 (3200 MHz),"12.9"" (2732x2048)",2048 GB,No,iOS 14.5.1,https://www.solotodo.cl/products/113164-apple-ipad-pro-129-2021-wi-fi-2-tb-space-gray-mhnp3cia,1799990,1799990,1799990,1799990,1799990,1799990,1799990,1799990,1799990,1799990,1799990,1799990,1799990,1799990,1499990,1499990,1499990,1499990,1499990
86967,Samsung Galaxy Tab S7 (T870 / 128 GB / 6 GB / Mystic Bronze) [SM-T870NZNLMXO],724108,629990,-94118,13,Qualcomm Snapdragon 865+ (SM8250) (3090 MHz),"11.0"" (2560x1600)",128 GB,No,Android 10,https://www.solotodo.cl/products/86967-samsung-galaxy-tab-s7-t870-128-gb-6-gb-mystic-bronze-sm-t870nznlmxo,729990,729990,729990,729990,729990,729990,729990,729990,729990,729990,729990,729990,729990,729990,729990,729990,,629990,629990
108122,Lenovo Tab M10 FHD Plus (2nd Gen) (TB-X606X) [ZA5V0181CL],179990,159990,-20000,11,MediaTek Helio P22T (MT6762) (2300 MHz),"10,3"" (1920x1200)",32 GB,4G,"Android 9.0 ""Pie""",https://www.solotodo.cl/products/108122-lenovo-tab-m10-fhd-plus-2nd-gen-tb-x606x-za5v0181cl,179990,179990,179990,179990,179990,179990,179990,179990,179990,179990,179990,179990,179990,179990,179990,179990,179990,179990,159990
60419,Apple iPad Mini 5 (4G / 64 GB / Gold) [MUX72CI/A],392847,349990,-42857,11,Apple A12 Bionic (2500 MHz),"7.9"" (2048x1536)",64 GB,4G,iOS 12.1,https://www.solotodo.cl/products/60419-apple-ipad-mini-5-4g-64-gb-gold-mux72cia,,,,,,,,,,,,449990,449990,449990,349990,349990,349990,349990,349990
110922,Lenovo Tab P11 [ZA7S0108CL],267768,239990,-27778,10,Qualcomm Snapdragon 662 (SM6115) (2000 MHz),"11.0"" (1200x2000)",128 GB,4G,Android 10,https://www.solotodo.cl/products/110922-lenovo-tab-p11-za7s0108cl,269990,269990,269990,269990,269990,269990,269990,269990,269990,269990,269990,269990,269990,269990,269990,269990,229990,269990,239990
111512,Apple iPad Air 10.9 2020 (LTE / 64 GB / Silver) [MYGX2CI/A],589990,529990,-60000,10,Apple A14 Bionic (3100 MHz),"10,9"" (2360x1640)",64 GB,4G,iPadOS 14,https://www.solotodo.cl/products/111512-apple-ipad-air-109-2020-lte-64-gb-silver-mygx2cia,,,,,,,,,,,,599990,599990,599990,529990,599990,599990,599990,529990
81307,Apple iPad Pro 11.0 2020 (LTE / 512 GB / Silver) [MXE72CI/A],1106658,999990,-106668,10,Apple A12Z Bionic (2500 MHz),"11.0"" (2388x1668)",512 GB,4G,iOS 13.4,https://www.solotodo.cl/products/81307-apple-ipad-pro-110-2020-lte-512-gb-silver-mxe72cia,1199992,1199992,1199992,1199992,,1199992,,1199992,,1199992,1199992,999990,999990,999990,999990,999990,999990,999990,999990
114172,Samsung Galaxy Tab A7 Lite LTE (T225 / 32 GB / 3 GB / Silver) [SM-T225NZSACHO],142653,129990,-12663,9,MediaTek Helio P22T [MT8768T] (2300 MHz),"8,7"" (800x1340)",32 GB,4G,Android 11,https://www.solotodo.cl/products/114172-samsung-galaxy-tab-a7-lite-lte-t225-32-gb-3-gb-silver-sm-t225nzsacho,129990,129990,129990,149990,149990,149990,149990,149990,149990,,149990,,,169940,129990,129990,139990,129990,129990
113157,Apple iPad Pro 12.9 2021 (5G / 128 GB / Space Gray) [MHR43CI/A],1091061,999990,-91071,8,Apple M1 (3200 MHz),"12.9"" (2732x2048)",128 GB,5G,iOS 14.5.1,https://www.solotodo.cl/products/113157-apple-ipad-pro-129-2021-5g-128-gb-space-gray-mhr43cia,,,,999990,,,,,,,,,1212490,1212490,1212490,999990,999990,999990,999990
113481,Samsung Galaxy Tab A7 Lite (T220 / 32 GB / 3 GB / Silver) [SM-T220NZSACHO],129556,119990,-9566,7,MediaTek Helio P22T [MT8768T] (2300 MHz),"8,7"" (800x1340)",32 GB,No,Android 11,https://www.solotodo.cl/products/113481-samsung-galaxy-tab-a7-lite-t220-32-gb-3-gb-silver-sm-t220nzsacho,,,,,,,,,,,,,,158688,,,109990,119990,119990
65100,Samsung Galaxy Tab A 8.0 2019 (T290 / Carbon Black) [SM-T290NZKACHO],95061,89990,-5071,5,Qualcomm Snapdragon 429 (SDM429) (2000 MHz),"8.0"" (1280x800)",32 GB,No,"Android 9.0 ""Pie""",https://www.solotodo.cl/products/65100-samsung-galaxy-tab-a-80-2019-t290-carbon-black-sm-t290nzkacho,89990,111540,111540,111540,111540,89990,89990,89990,89990,89990,89990,89990,,89990,89990,89990,89990,89990,89990
87253,Samsung Galaxy Tab A7 10.4 2020 Wi-Fi (T500N / 32 GB / Gris) [SM-T500NZAACHO],157211,149990,-7221,5,Qualcomm 662 (2000 MHz),"10,4"" (1200x2000)",32 GB,No,Android 10,https://www.solotodo.cl/products/87253-samsung-galaxy-tab-a7-104-2020-wi-fi-t500n-32-gb-gris-sm-t500nzaacho,139990,159980,159980,159990,159990,149990,149990,159990,159990,159990,159990,159990,159990,159990,159990,159990,159990,149990,149990
80807,Samsung Galaxy Tab S6 Lite LTE (P615 / Oxford Gray) [SM-P615NZAUCHO],375628,359990,-15638,4,Samsung Exynos 9611 (2300 MHz),"10,4"" (1200x2000)",64 GB,4G,Android 10,https://www.solotodo.cl/products/80807-samsung-galaxy-tab-s6-lite-lte-p615-oxford-gray-sm-p615nzaucho,,,359990,359990,359990,,391843,,,392250,339990,,,392310,391886,391835,391835,359990,359990
118144,Lenovo Ideapad Duet Chromebook + Teclado [ZA6F0103CL],218879,209990,-8889,4,MediaTek Helio P60T (2000 MHz),"10.1"" (1920x1200)",128 GB,No,Chrome OS,https://www.solotodo.cl/products/118144-lenovo-ideapad-duet-chromebook-teclado-za6f0103cl,229990,229990,229990,229990,229990,229990,229990,229990,229990,229990,229990,199990,199990,199990,199990,199990,199990,209990,209990
60423,Apple iPad Mini 5 (Wi-Fi / 256 GB / Space Gray) [MUU32CI/A],513323,499990,-13333,3,Apple A12 Bionic (2500 MHz),"7.9"" (2048x1536)",256 GB,No,iOS 12.1,https://www.solotodo.cl/products/60423-apple-ipad-mini-5-wi-fi-256-gb-space-gray-muu32cia,499990,499990,499990,529990,529990,529990,529990,529990,529990,529990,529990,499990,499990,499990,499990,499990,499990,499990,499990
113261,Apple iPad Pro 11.0 2021 (Wi-Fi / 2 TB / Space Gray) [MHR23CI/A],1538879,1499990,-38889,3,Apple M1 (3200 MHz),"11.0"" (2388x1668)",2048 GB,No,iOS 14.5.1,https://www.solotodo.cl/products/113261-apple-ipad-pro-110-2021-wi-fi-2-tb-space-gray-mhr23cia,1549990,1549990,1549990,1549990,1549990,1549990,1549990,1549990,1549990,1549990,1549990,1549990,1549990,1549990,1499990,1499990,1499990,1499990,1499990
108117,Lenovo Tab P11 Pro with Keyboard Pack and Precision Pen 2 (TB-J706F) [ZA7C0130CL],408323,399990,-8333,2,Qualcomm Snapdragon 730G (2200 MHz),"11.5"" (2560x1600)",128 GB,No,Android 10,https://www.solotodo.cl/products/108117-lenovo-tab-p11-pro-with-keyboard-pack-and-precision-pen-2-tb-j706f-za7c0130cl,449990,449990,449990,399990,399990,399990,399990,399990,399990,399990,399990,399990,399990,399990,399990,399990,399990,399990,399990
114486,Apple iPad Air 10.9 2020 (LTE / 256 GB / Space Gray) [MYH22CI/A],739990,724992,-14998,2,Apple A14 Bionic (3100 MHz),"10,9"" (2360x1640)",256 GB,4G,iPadOS 14,https://www.solotodo.cl/products/114486-apple-ipad-air-109-2020-lte-256-gb-space-gray-myh22cia,739990,739990,739990,739990,739990,739990,739990,739990,739990,739990,739990,739990,739990,739990,739990,739990,739990,739990,724992
85877,Samsung Galaxy Tab S7+ (T970 / 256 GB / 8 GB / Mystic Black) [SM-T970NZKLMXO],845546,829990,-15556,2,Qualcomm Snapdragon 865+ (SM8250) (3090 MHz),"12.4"" (2800x1752)",256 GB,No,Android 10,https://www.solotodo.cl/products/85877-samsung-galaxy-tab-s7-t970-256-gb-8-gb-mystic-black-sm-t970nzklmxo,899990,899990,829990,829990,829990,829990,829990,,,,,,,,,,829990,829990,829990
81004,Lenovo Tab M7 (TB-7305F) [ZA550097CL],81436,79990,-1446,2,MediaTek MT8321 (1300 MHz),"7.0"" (1024x600)",8 GB,No,"Android 9.0 ""Pie""",https://www.solotodo.cl/products/81004-lenovo-tab-m7-tb-7305f-za550097cl,81990,81990,81990,81990,81990,81990,81990,81990,81990,81990,81990,81990,81990,80000,79990,80000,79990,79990,79990
125317,Apple iPad 10.2 2021 LTE (64 GB / Silver) [MK493CI/A],477490,469990,-7500,2,Apple A13 Bionic (1800 MHz),"10,2"" (1620x2160)",64 GB,4G,iPadOS 15,https://www.solotodo.cl/products/125317-apple-ipad-102-2021-lte-64-gb-silver-mk493cia,,,,,,,,,,,,,499990,,,469990,469990,469990,469990
90999,Lenovo Tab M10 FHD Plus (2nd Gen) (TB-X606F) [ZA5T0142CL],160551,159990,-561,0,MediaTek Helio P22T (MT6762) (2300 MHz),"10,3"" (1920x1200)",64 GB,No,"Android 9.0 ""Pie""",https://www.solotodo.cl/products/90999-lenovo-tab-m10-fhd-plus-2nd-gen-tb-x606f-za5t0142cl,139990,139990,139990,139990,139990,149990,184290,184290,184290,184290,149990,184290,149990,184290,184290,149990,149990,149990,159990
120856,Lenovo Tab M8 HD (2nd Gen) (TB-8505X) [ZA5H0136CL],133303,133231,-72,0,MediaTek Helio A22 (MT6761) (2000 MHz),"8.0"" (1280x800)",32 GB,4G,"Android 9.0 ""Pie""",https://www.solotodo.cl/products/120856-lenovo-tab-m8-hd-2nd-gen-tb-8505x-za5h0136cl,131560,131840,131840,131840,132636,132636,132636,133137,133137,133137,132718,135301,135251,134305,134305,134531,134531,134118,133231
95653,Samsung Galaxy Tab Active3 2020 (Wi-Fi / T570 / 64 GB) [SM-T570NZKLMXO],724990,724990,0,0,Samsung Exynos 9810 (2900 MHz),"8.0"" (1920x1200)",64 GB,No,Android 10,https://www.solotodo.cl/products/95653-samsung-galaxy-tab-active3-2020-wi-fi-t570-64-gb-sm-t570nzklmxo,724990,724990,724990,724990,724990,724990,724990,724990,724990,724990,724990,724990,724990,724990,724990,724990,724990,724990,724990
125315,Apple iPad 10.2 2021 (256 GB / Space Gray) [MK2N3CI/A],479990,479990,0,0,Apple A13 Bionic (1800 MHz),"10,2"" (1620x2160)",256 GB,No,iPadOS 15,https://www.solotodo.cl/products/125315-apple-ipad-102-2021-256-gb-space-gray-mk2n3cia,,,,,,,479990,,,479990,479990,479990,479990,479990,479990,,479990,479990,479990
113403,Apple iPad Pro 11.0 2021 (Wi-Fi / 1 TB / Space Gray) [MHQY3CI/A],999990,999990,0,0,Apple M1 (3200 MHz),"11.0"" (2388x1668)",1024 GB,No,iOS 14.5.1,https://www.solotodo.cl/products/113403-apple-ipad-pro-110-2021-wi-fi-1-tb-space-gray-mhqy3cia,,,,,,,,,,,,,,,999990,999990,999990,999990,999990
82144,Apple iPad Pro 12.9 2020 (4G / 512 GB / Silver) [MXF82CI/A],1429990,1429990,0,0,Apple A12Z Bionic (2500 MHz),"12.9"" (2732x2048)",512 GB,4G,iOS 13.4,https://www.solotodo.cl/products/82144-apple-ipad-pro-129-2020-4g-512-gb-silver-mxf82cia,1429990,1429990,1429990,1429990,1429990,1429990,1429990,1429990,1429990,1429990,1429990,1429990,1429990,1429990,1429990,1429990,1429990,1429990,1429990
54495,Apple iPad Pro 12.9 2018 (Wi-Fi / 64 GB / Space Gray) [MTEL2CI/A],719990,719990,0,0,Apple A12X Bionic (2480 MHz),"12.9"" (2732x2048)",64 GB,No,iOS 12,https://www.solotodo.cl/products/54495-apple-ipad-pro-129-2018-wi-fi-64-gb-space-gray-mtel2cia,719990,719990,719990,719990,719990,719990,719990,719990,719990,719990,719990,719990,719990,719990,719990,719990,719990,719990,719990
118787,Apple iPad Pro 12.9 2021 (5G / 2 TB / Space Gray) [MHRD3CI/A],1899990,1899990,0,0,Apple M1 (3200 MHz),"12.9"" (2732x2048)",2048 GB,5G,iOS 14.5.1,https://www.solotodo.cl/products/118787-apple-ipad-pro-129-2021-5g-2-tb-space-gray-mhrd3cia,,,,,,,,1899990,,1899990,1899990,1899990,1899990,1899990,1899990,1899990,1899990,1899990,1899990
79821,Microsoft Surface Pro 7 (i3-1005G1 / 128 GB / 4 GB) [QWU-00001],1199990,1199990,0,0,Intel Core i3-1005G1 (1200 MHz),"12.3"" (2736x1824)",128 GB,No,Windows 10,https://www.solotodo.cl/products/79821-microsoft-surface-pro-7-i3-1005g1-128-gb-4-gb-qwu-00001,1199990,1199990,1199990,1199990,1199990,1199990,1199990,1199990,1199990,1199990,1199990,1199990,1199990,1199990,1199990,1199990,1199990,1199990,1199990
113159,Apple iPad Pro 12.9 2021 (Wi-Fi / 512 GB / Space Gray) [MHNK3CI/A],1199990,1199990,0,0,Apple M1 (3200 MHz),"12.9"" (2732x2048)",512 GB,No,iOS 14.5.1,https://www.solotodo.cl/products/113159-apple-ipad-pro-129-2021-wi-fi-512-gb-space-gray-mhnk3cia,1199990,1199990,1199990,1199990,1199990,1199990,1199990,1199990,1199990,1199990,1199990,1199990,1199990,1199990,1199990,1199990,1199990,1199990,1199990
82139,Apple iPad Pro 12.9 2020 (Wi-Fi / 512 GB / Space Gray) [MXAV2CI/A],1229990,1229990,0,0,Apple A12Z Bionic (2500 MHz),"12.9"" (2732x2048)",512 GB,No,iOS 13.4,https://www.solotodo.cl/products/82139-apple-ipad-pro-129-2020-wi-fi-512-gb-space-gray-mxav2cia,1229990,1229990,1229990,1229990,1229990,1229990,1229990,1229990,1229990,1229990,1229990,1229990,1229990,1229990,1229990,1229990,1229990,1229990,1229990
81302,Apple iPad Pro 11.0 2020 (Wi-Fi / 512 GB / Space Gray) [MXDE2CI/A],899990,899990,0,0,Apple A12Z Bionic (2500 MHz),"11.0"" (2388x1668)",512 GB,No,iOS 13.4,https://www.solotodo.cl/products/81302-apple-ipad-pro-110-2020-wi-fi-512-gb-space-gray-mxde2cia,899990,899990,899990,899990,899990,899990,899990,899990,899990,899990,899990,899990,899990,899990,899990,899990,899990,899990,899990
113149,Apple iPad Pro 11.0 2021 (5G / 1 TB / Silver) [MHWD3CI/A],1449990,1449990,0,0,Apple M1 (3200 MHz),"11.0"" (2388x1668)",1024 GB,5G,iOS 14.5.1,https://www.solotodo.cl/products/113149-apple-ipad-pro-110-2021-5g-1-tb-silver-mhwd3cia,1449990,1449990,1449990,1449990,1449990,1449990,1449990,1449990,1449990,1449990,1449990,1449990,1449990,1449990,1449990,1449990,1449990,1449990,1449990
113254,Apple iPad Pro 11.0 2021 (5G / 2 TB / Space Gray) [MHWE3CI/A],1849990,1849990,0,0,Apple M1 (3200 MHz),"11.0"" (2388x1668)",2048 GB,5G,iOS 14.5.1,https://www.solotodo.cl/products/113254-apple-ipad-pro-110-2021-5g-2-tb-space-gray-mhwe3cia,1849990,1849990,1849990,1849990,1849990,1849990,1849990,1849990,1849990,1849990,1849990,1849990,1849990,1849990,1849990,1849990,1849990,1849990,1849990
82141,Apple iPad Pro 12.9 2020 (4G / 1 TB / Space Gray) [MXF92CI/A],1499990,1499990,0,0,Apple A12Z Bionic (2500 MHz),"12.9"" (2732x2048)",1024 GB,4G,iOS 13.4,https://www.solotodo.cl/products/82141-apple-ipad-pro-129-2020-4g-1-tb-space-gray-mxf92cia,1499990,1499990,1499990,1499990,1499990,1499990,1499990,1499990,1499990,1499990,1499990,1499990,1499990,1499990,1499990,1499990,1499990,1499990,1499990
84342,Apple iPad Pro 11.0 2020 (Wi-Fi / 1 TB / Space Gray) [MXDG2CI/A],1279990,1279990,0,0,Apple A12Z Bionic (2500 MHz),"11.0"" (2388x1668)",1024 GB,No,iOS 13.4,https://www.solotodo.cl/products/84342-apple-ipad-pro-110-2020-wi-fi-1-tb-space-gray-mxdg2cia,1279990,1279990,1279990,1279990,1279990,1279990,1279990,1279990,1279990,1279990,1279990,1279990,1279990,1279990,1279990,1279990,1279990,1279990,1279990
59788,Amazon Fire HD 8 (2017 / 32 GB / Rojo),86990,86990,0,0,MediaTek MT8163 (1300 MHz),"8.0"" (1280x800)",32 GB,No,"Fire OS 5.0 ""Bellini""",https://www.solotodo.cl/products/59788-amazon-fire-hd-8-2017-32-gb-rojo,,,,,,,,,,,,86990,86990,86990,,,86990,86990,86990
21183,Samsung Galaxy Tab Active LTE (SM-T365 / Negro) [SM-T365MNGACHO],429990,429990,0,0,Qualcomm Snapdragon 400 (MSM8226) (1200 MHz),"8.0"" (1280x800)",16 GB,4G,"Android 4.4 ""KitKat""",https://www.solotodo.cl/products/21183-samsung-galaxy-tab-active-lte-sm-t365-negro-sm-t365mngacho,429990,429990,429990,429990,429990,429990,429990,429990,429990,429990,429990,429990,429990,429990,429990,429990,429990,429990,429990
128269,Lenovo Yoga Tab 11 [ZA8W0073CL],399990,399990,0,0,MediaTek Helio G90T (2000 MHz),"11.0"" (1200x2000)",128 GB,No,Android 11,https://www.solotodo.cl/products/128269-lenovo-yoga-tab-11-za8w0073cl,,,,,,,,,,,,,,,399990,399990,399990,399990,399990
115602,Apple iPad Pro 12.9 2021 (5G / 1 TB / Silver) [MHRC3CI/A],1699990,1699990,0,0,Apple M1 (3200 MHz),"12.9"" (2732x2048)",1024 GB,5G,iOS 14.5.1,https://www.solotodo.cl/products/115602-apple-ipad-pro-129-2021-5g-1-tb-silver-mhrc3cia,1699990,1699990,1699990,1699990,1699990,1699990,1699990,1699990,1699990,1699990,1699990,1699990,1699990,1699990,1699990,1699990,1699990,1699990,1699990
115592,Apple iPad Pro 12.9 2021 (Wi-Fi / 128 GB / Silver) [MHNG3CI/A],899990,899990,0,0,Apple M1 (3200 MHz),"12.9"" (2732x2048)",128 GB,No,iOS 14.5.1,https://www.solotodo.cl/products/115592-apple-ipad-pro-129-2021-wi-fi-128-gb-silver-mhng3cia,,,,,,,,,,,,899990,899990,899990,899990,899990,899990,899990,899990
92009,Apple iPad 10.2 2020 (4G / 32 GB / Space Gray) [MYMH2CI/A],469990,469990,0,0,Apple A12 Bionic (2500 MHz),"10,2"" (1620x2160)",32 GB,4G,iOS 14,https://www.solotodo.cl/products/92009-apple-ipad-102-2020-4g-32-gb-space-gray-mymh2cia,469990,469990,469990,469990,469990,469990,469990,469990,469990,469990,469990,469990,469990,469990,469990,469990,469990,469990,469990
118786,Apple iPad Pro 12.9 2021 (5G / 256 GB / Space Gray) [MHR63CI/A],1309490,1309490,0,0,Apple M1 (3200 MHz),"12.9"" (2732x2048)",256 GB,5G,iOS 14.5.1,https://www.solotodo.cl/products/118786-apple-ipad-pro-129-2021-5g-256-gb-space-gray-mhr63cia,1309490,1309490,1309490,1309490,1309490,1309490,1309490,1309490,1309490,1309490,1309490,1309490,1309490,1309490,1309490,1309490,1309490,1309490,1309490
54531,Microsoft Surface Go (64 GB / 4 GB),729990,729990,0,0,Intel Pentium 4415Y (1600 MHz),"10.0"" (1800x1200)",64 GB,No,Windows 10,https://www.solotodo.cl/products/54531-microsoft-surface-go-64-gb-4-gb,729990,729990,729990,729990,729990,729990,729990,729990,729990,729990,729990,729990,729990,729990,729990,729990,729990,729990,729990
81305,Apple iPad Pro 11.0 2020 (LTE / 256 GB / Space Gray) [MXE42CI/A],1049990,1049990,0,0,Apple A12Z Bionic (2500 MHz),"11.0"" (2388x1668)",256 GB,4G,iOS 13.4,https://www.solotodo.cl/products/81305-apple-ipad-pro-110-2020-lte-256-gb-space-gray-mxe42cia,,,,,,,,,,,,,,,,,1049990,1049990,1049990
81808,Apple iPad Pro 12.9 2020 (4G / 256 GB / Silver) [MXF62CI/A],1249990,1249990,0,0,Apple A12Z Bionic (2500 MHz),"12.9"" (2732x2048)",256 GB,4G,iOS 13.4,https://www.solotodo.cl/products/81808-apple-ipad-pro-129-2020-4g-256-gb-silver-mxf62cia,1249990,1249990,1249990,1249990,1249990,1249990,1249990,1249990,1249990,1249990,1249990,1249990,1249990,1249990,1249990,1249990,1249990,1249990,1249990
85712,Lenovo Tab M7 (TB-7305X) [ZA570071CL],79990,79990,0,0,MediaTek MT8765 (1300 MHz),"7.0"" (1024x600)",16 GB,4G,"Android 9.0 ""Pie""",https://www.solotodo.cl/products/85712-lenovo-tab-m7-tb-7305x-za570071cl,,,,,,,,,,,,,,,,,,79990,79990
82137,Apple iPad Pro 12.9 2020 (Wi-Fi / 1 TB / Space Gray) [MXAX2CI/A],1399990,1399990,0,0,Apple A12Z Bionic (2500 MHz),"12.9"" (2732x2048)",1024 GB,No,iOS 13.4,https://www.solotodo.cl/products/82137-apple-ipad-pro-129-2020-wi-fi-1-tb-space-gray-mxax2cia,1399990,1399990,1399990,1399990,1399990,1399990,1399990,1399990,1399990,1399990,1399990,1399990,1399990,1399990,1399990,1399990,1399990,1399990,1399990
113154,Apple iPad Pro 11.0 2021 (Wi-Fi / 512 GB / Silver) [MHQX3CI/A],919990,919990,0,0,Apple M1 (3200 MHz),"11.0"" (2388x1668)",512 GB,No,iOS 14.5.1,https://www.solotodo.cl/products/113154-apple-ipad-pro-110-2021-wi-fi-512-gb-silver-mhqx3cia,,,,,,,,,,,,,,,,,,919990,919990
113155,Apple iPad Pro 11.0 2021 (Wi-Fi / 256 GB / Space Gray) [MHQU3CI/A],819990,819990,0,0,Apple M1 (3200 MHz),"11.0"" (2388x1668)",256 GB,No,iOS 14.5.1,https://www.solotodo.cl/products/113155-apple-ipad-pro-110-2021-wi-fi-256-gb-space-gray-mhqu3cia,819990,819990,819990,819990,819990,819990,819990,819990,819990,819990,819990,819990,819990,819990,819990,819990,819990,819990,819990
119938,Samsung Galaxy Tab S7 Fan Edition (T733 / 64 GB / 4 GB / Mystic Black) + Keyboard Cover [SM-T733NZKUCHO],449990,449990,0,0,Qualcomm Snapdragon [SM7225] 750G 5G (2200 MHz),"12.4"" (2560x1600)",64 GB,No,Android 11,https://www.solotodo.cl/products/119938-samsung-galaxy-tab-s7-fan-edition-t733-64-gb-4-gb-mystic-black-keyboard-cover-sm-t733nzkucho,,,,,,,,,,,,,,,,,449990,449990,449990
128312,Apple iPad 10.2 2021 LTE (256 GB / Silver),619990,619990,0,0,Apple A13 Bionic (1800 MHz),"10,2"" (1620x2160)",256 GB,4G,iPadOS 15,https://www.solotodo.cl/products/128312-apple-ipad-102-2021-lte-256-gb-silver,,,,,,,,,,,,,,,,619990,619990,619990,619990
81309,Apple iPad Pro 11.0 2020 (LTE / 1 TB / Silver) [MXE92CI/A],1349990,1349990,0,0,Apple A12Z Bionic (2500 MHz),"11.0"" (2388x1668)",1024 GB,4G,iOS 13.4,https://www.solotodo.cl/products/81309-apple-ipad-pro-110-2020-lte-1-tb-silver-mxe92cia,1349990,1349990,1349990,1349990,1349990,1349990,1349990,1349990,1349990,1349990,1349990,1349990,1349990,1349990,1349990,1349990,1349990,1349990,1349990
81304,Apple iPad Pro 11.0 2020 (LTE / 128 GB / Silver) [MY2W2CI/A],949990,949990,0,0,Apple A12Z Bionic (2500 MHz),"11.0"" (2388x1668)",128 GB,4G,iOS 13.4,https://www.solotodo.cl/products/81304-apple-ipad-pro-110-2020-lte-128-gb-silver-my2w2cia,949990,949990,949990,949990,949990,949990,949990,949990,949990,949990,949990,949990,949990,949990,949990,949990,949990,949990,949990
81813,Apple iPad Pro 12.9 2020 (4G / 128 GB / Space Gray) [MY3C2CI/A],1149990,1149990,0,0,Apple A12Z Bionic (2500 MHz),"12.9"" (2732x2048)",128 GB,4G,iOS 13.4,https://www.solotodo.cl/products/81813-apple-ipad-pro-129-2020-4g-128-gb-space-gray-my3c2cia,1149990,1149990,1149990,1149990,1149990,1149990,1149990,1149990,1149990,1149990,1149990,1149990,1149990,1149990,1149990,1149990,1149990,1149990,1149990
79824,Microsoft Surface Pro 7 (i5-1035G4 / 256 GB / 8 GB) [QWU-00001],1649990,1649990,0,0,Intel Core i5-1035G4 (1100 MHz),"12.3"" (2736x1824)",256 GB,No,Windows 10,https://www.solotodo.cl/products/79824-microsoft-surface-pro-7-i5-1035g4-256-gb-8-gb-qwu-00001,1649990,1649990,1649990,1649990,1649990,1649990,1649990,1649990,1649990,1649990,1649990,1649990,1649990,1649990,1649990,1649990,1649990,1649990,1649990
115601,Apple iPad Pro 11.0 2020 (Wi-Fi / 2 TB / Space Gray),1549990,1549990,0,0,Apple A12Z Bionic (2500 MHz),"11.0"" (2388x1668)",2048 GB,No,iOS 13.4,https://www.solotodo.cl/products/115601-apple-ipad-pro-110-2020-wi-fi-2-tb-space-gray,1549990,1549990,1549990,1549990,1549990,1549990,1549990,1549990,1549990,1549990,1549990,1549990,1549990,1549990,1549990,1549990,1549990,1549990,1549990
119946,Lenovo Tab M7 3rd Gen [ZA8D0055CL],99990,99990,0,0,MediaTek MT8766 (2000 MHz),"7.0"" (1024x600)",32 GB,4G,Android 11,https://www.solotodo.cl/products/119946-lenovo-tab-m7-3rd-gen-za8d0055cl,99990,99990,99990,99990,99990,99990,99990,99990,99990,99990,99990,99990,99990,99990,99990,99990,99990,99990,99990
113151,Apple iPad Pro 11.0 2021 (5G / 128 GB / Space Gray) [MHW53CI/A],939990,939990,0,0,Apple M1 (3200 MHz),"11.0"" (2388x1668)",128 GB,5G,iOS 14.5.1,https://www.solotodo.cl/products/113151-apple-ipad-pro-110-2021-5g-128-gb-space-gray-mhw53cia,939990,939990,939990,939990,939990,939990,939990,939990,939990,939990,939990,939990,939990,939990,939990,939990,939990,939990,939990
53052,Samsung Galaxy Tab S4 10.5 (T830 / Negro) [SM-T830NZKACHO],499990,499990,0,0,Qualcomm Snapdragon 835 (2350 MHz),"10.5"" (2560x1600)",64 GB,No,"Android 8.1 ""Oreo""",https://www.solotodo.cl/products/53052-samsung-galaxy-tab-s4-105-t830-negro-sm-t830nzkacho,,,,,,,,,,,,,,,,,499990,499990,499990
125316,Apple iPad 10.2 2021 (64 GB / Space Gray) [MK2K3CI/A],349990,349990,0,0,Apple A13 Bionic (1800 MHz),"10,2"" (1620x2160)",64 GB,No,iPadOS 15,https://www.solotodo.cl/products/125316-apple-ipad-102-2021-64-gb-space-gray-mk2k3cia,,,,,,,,,,349990,349990,349990,,,349990,,,349990,349990
88056,Apple iPad 10.2 2020 (WI-FI / 128 GB / Gold) [MYLF2CI/A],399990,399990,0,0,Apple A12 Bionic (2500 MHz),"10,2"" (1620x2160)",128 GB,No,iOS 14,https://www.solotodo.cl/products/88056-apple-ipad-102-2020-wi-fi-128-gb-gold-mylf2cia,,,,,,,,,,,,,,,,,399990,399990,399990
82335,Apple iPad Pro 11.0 2020 (Wi-Fi / 256 GB / Silver) [MXDD2CI/A],799990,799990,0,0,Apple A12Z Bionic (2500 MHz),"11.0"" (2388x1668)",256 GB,No,iOS 13.4,https://www.solotodo.cl/products/82335-apple-ipad-pro-110-2020-wi-fi-256-gb-silver-mxdd2cia,799990,799990,799990,799990,799990,799990,799990,799990,799990,799990,799990,799990,799990,799990,799990,799990,799990,799990,799990
119939,Samsung Galaxy Tab S7 Fan Edition (T733 / 128 GB / 6 GB / Mystic Black) + Keyboard Cover [SM-T733NZKVCHO],479990,479990,0,0,Qualcomm Snapdragon [SM7225] 750G 5G (2200 MHz),"12.4"" (2560x1600)",128 GB,No,Android 11,https://www.solotodo.cl/products/119939-samsung-galaxy-tab-s7-fan-edition-t733-128-gb-6-gb-mystic-black-keyboard-cover-sm-t733nzkvcho,,,,,,,,,,,,,,,,,479990,479990,479990
128308,Apple iPad Mini 8.3 2021 LTE (64 GB / Pink),639990,639990,0,0,Apple A15 Bionic (1820 MHz),"8.3"" (2266x1488)",64 GB,4G,iPadOS 15,https://www.solotodo.cl/products/128308-apple-ipad-mini-83-2021-lte-64-gb-pink,,,,,,,,,,,,,,,,,639990,639990,639990
128301,Apple iPad Mini 8.3 2021 LTE (256 GB / Space Gray) [MK8F3CI/A],769990,769990,0,0,Apple A15 Bionic (1820 MHz),"8.3"" (2266x1488)",256 GB,4G,iPadOS 15,https://www.solotodo.cl/products/128301-apple-ipad-mini-83-2021-lte-256-gb-space-gray-mk8f3cia,,,,,,,,,,,,,,,,,769990,769990,769990
77973,Samsung Galaxy Tab S6 (T860 / Gris) [SM-T860NZAACHO],749990,749990,0,0,Qualcomm Snapdragon 855 (2840 MHz),"10.5"" (2560x1600)",128 GB,No,"Android 9.0 ""Pie""",https://www.solotodo.cl/products/77973-samsung-galaxy-tab-s6-t860-gris-sm-t860nzaacho,,,,,,,,,,,,,,,,,749990,749990,749990
128430,Samsung Galaxy Tab S7 (T870 / 256 GB / 8 GB / Mystic Bronze) + Keyboard Cover [SM-T870NZNWCHO],729990,729990,0,0,Qualcomm Snapdragon 865+ (SM8250) (3090 MHz),"11.0"" (2560x1600)",256 GB,No,Android 10,https://www.solotodo.cl/products/128430-samsung-galaxy-tab-s7-t870-256-gb-8-gb-mystic-bronze-keyboard-cover-sm-t870nznwcho,,,,,,,,,,,,,,,,,729990,729990,729990
90267,Apple iPad Air 10.9 2020 (Wi-Fi / 256 GB / Silver) [MYFW2CI/A],669990,669990,0,0,Apple A14 Bionic (3100 MHz),"10,9"" (2360x1640)",256 GB,No,iPadOS 14,https://www.solotodo.cl/products/90267-apple-ipad-air-109-2020-wi-fi-256-gb-silver-myfw2cia,,,,,,,,,,,,,,,,,669990,669990,669990
128424,Samsung Galaxy Tab S7 LTE (T875 / 128 GB / 6 GB / Mystic Black) + Keyboard Cover [SM-T875NZKUCHO],679990,679990,0,0,Qualcomm Snapdragon 865+ (SM8250) (3090 MHz),"11.0"" (2560x1600)",128 GB,4G,Android 10,https://www.solotodo.cl/products/128424-samsung-galaxy-tab-s7-lte-t875-128-gb-6-gb-mystic-black-keyboard-cover-sm-t875nzkucho,,,,,,,,,,,,,,,,,679990,679990,679990
90022,Apple iPad Air 10.9 2020 (Wi-Fi / 64 GB / Green) [MYFR2CI/A],529990,529990,0,0,Apple A14 Bionic (3100 MHz),"10,9"" (2360x1640)",64 GB,No,iPadOS 14,https://www.solotodo.cl/products/90022-apple-ipad-air-109-2020-wi-fi-64-gb-green-myfr2cia,,,,,,,,,,,,,,,,,529990,529990,529990
35999,Samsung Galaxy Tab S3 9.7 (T820 / Negro) [SM-T820NZKACHO],499990,499990,0,0,Qualcomm Snapdragon 820 (MSM8994) (2150 MHz),"9.7"" (2048x1536)",32 GB,No,"Android 7.0 ""Nougat""",https://www.solotodo.cl/products/35999-samsung-galaxy-tab-s3-97-t820-negro-sm-t820nzkacho,499990,499990,499990,499990,499990,499990,499990,499990,499990,499990,499990,499990,499990,499990,499990,499990,499990,499990,499990
128305,Apple iPad Mini 8.3 2021 (64 GB / Purple) [MLWL3CI/A],499990,499990,0,0,Apple A15 Bionic (1820 MHz),"8.3"" (2266x1488)",64 GB,No,iPadOS 15,https://www.solotodo.cl/products/128305-apple-ipad-mini-83-2021-64-gb-purple-mlwl3cia,,,,,,,,,,,,,,,,,499990,499990,499990
81310,Apple iPad Pro 11.0 2020 (Wi-Fi / 128 GB / Space Gray) [MY232CI/A],799641,799990,349,-0,Apple A12Z Bionic (2500 MHz),"11.0"" (2388x1668)",128 GB,No,iOS 13.4,https://www.solotodo.cl/products/81310-apple-ipad-pro-110-2020-wi-fi-128-gb-space-gray-my232cia,797319,797319,799057,799990,799990,799990,799990,799990,799990,799990,799990,799990,799990,799990,799990,799990,799990,799990,799990
113162,Apple iPad Pro 12.9 2021 (Wi-Fi / 1 TB / Silver) [MHNN3CI/A],1537490,1549990,12500,-1,Apple M1 (3200 MHz),"12.9"" (2732x2048)",1024 GB,No,iOS 14.5.1,https://www.solotodo.cl/products/113162-apple-ipad-pro-129-2021-wi-fi-1-tb-silver-mhnn3cia,,1499990,1499990,1499990,1499990,1549990,1549990,1549990,1549990,1549990,1549990,1549990,1549990,1549990,1549990,,1549990,1549990,1549990
113147,Apple iPad Pro 11.0 2021 (Wi-Fi / 128 GB / Space Gray) [MHQR3CI/A],712657,719990,7333,-1,Apple M1 (3200 MHz),"11.0"" (2388x1668)",128 GB,No,iOS 14.5.1,https://www.solotodo.cl/products/113147-apple-ipad-pro-110-2021-wi-fi-128-gb-space-gray-mhqr3cia,699990,699990,699990,699990,699990,729990,,,,729990,729990,719990,719990,719990,719990,699990,719990,699990,719990
126472,Apple iPad Mini 8.3 2021 (256 GB / Space Gray) [MK7T3CI/A],629990,639990,10000,-2,Apple A15 Bionic (1820 MHz),"8.3"" (2266x1488)",256 GB,No,iPadOS 15,https://www.solotodo.cl/products/126472-apple-ipad-mini-83-2021-256-gb-space-gray-mk7t3cia,,,,,,629990,629990,,,629990,629990,629990,629990,629990,629990,629990,629990,629990,639990
81810,Apple iPad Pro 12.9 2020 (Wi-Fi / 256 GB / Silver) [MXAU2CI/A],934900,949990,15090,-2,Apple A12Z Bionic (2500 MHz),"12.9"" (2732x2048)",256 GB,No,iOS 13.4,https://www.solotodo.cl/products/81810-apple-ipad-pro-129-2020-wi-fi-256-gb-silver-mxau2cia,949900,929900,929900,929900,,,,,,,,,,,,,,,949990
91898,Amazon Kindle Fire HD 8 (32 GB / White),104990,106990,2000,-2,MediaTek MT8163 (1300 MHz),"8.0"" (1280x800)",32 GB,No,"Fire OS 5.0 ""Bellini""",https://www.solotodo.cl/products/91898-amazon-kindle-fire-hd-8-32-gb-white,88990,88990,106990,106990,106990,106990,106990,106990,106990,106990,106990,106990,106990,106990,106990,106990,106990,106990,106990
125054,Lenovo Yoga Tab 11 [ZA8X0024CL],333323,339990,6667,-2,MediaTek Helio G90T (2000 MHz),"11.0"" (1200x2000)",128 GB,4G,Android 11,https://www.solotodo.cl/products/125054-lenovo-yoga-tab-11-za8x0024cl,339990,339990,339990,329990,329990,329990,329990,329990,329990,329990,329990,329990,329990,329990,329990,339990,339990,339990,339990
113158,Apple iPad Pro 12.9 2021 (Wi-Fi / 256 GB / Silver) [MHNJ3CI/A],1006657,1029990,23333,-2,Apple M1 (3200 MHz),"12.9"" (2732x2048)",256 GB,No,iOS 14.5.1,https://www.solotodo.cl/products/113158-apple-ipad-pro-129-2021-wi-fi-256-gb-silver-mhnj3cia,999990,999990,999990,999990,999990,999990,999990,999990,999990,999990,999990,999990,999990,999990,1029990,1029990,1029990,1029990,1029990
91083,Lenovo Yoga Smart Tab (YT-X705F) [ZA3V0023CL],184990,189990,5000,-3,Qualcomm Snapdragon 439 (SDM439) (2000 MHz),"10.1"" (1920x1200)",64 GB,No,"Android 9.0 ""Pie""",https://www.solotodo.cl/products/91083-lenovo-yoga-smart-tab-yt-x705f-za3v0023cl,179990,179990,179990,179990,179990,179990,179990,179990,179990,179990,179990,179990,209990,209990,179990,189990,189990,189990,189990
76010,Lenovo Tab M8 HD (2nd Gen) (TB-8505X) [ZA5H0070CL],97178,99990,2812,-3,MediaTek Helio A22 (MT6761) (2000 MHz),"8.0"" (1280x800)",16 GB,4G,"Android 9.0 ""Pie""",https://www.solotodo.cl/products/76010-lenovo-tab-m8-hd-2nd-gen-tb-8505x-za5h0070cl,94990,94990,94990,94990,94990,94990,94990,94990,94990,94990,94990,94990,94990,94990,94990,,,129990,99990
105511,Samsung Galaxy Tab S6 Lite (P610 / 128 GB / Chiffon Pink) [SM-P610NZIWCHO],339990,349990,10000,-3,Samsung Exynos 9611 (2300 MHz),"10,4"" (1200x2000)",128 GB,No,Android 10,https://www.solotodo.cl/products/105511-samsung-galaxy-tab-s6-lite-p610-128-gb-chiffon-pink-sm-p610nziwcho,,,,,,,,,,,329990,,,,,,,349990,349990
81806,Apple iPad Pro 12.9 2020 (Wi-Fi / 128 GB / Silver) [MY2J2CI/A],863657,890990,27333,-3,Apple A12Z Bionic (2500 MHz),"12.9"" (2732x2048)",128 GB,No,iOS 13.4,https://www.solotodo.cl/products/81806-apple-ipad-pro-129-2020-wi-fi-128-gb-silver-my2j2cia,,,849990,849990,,849990,,,,,,,,,,849990,890990,890990,890990
108118,Lenovo Tab P11 with Keyboard Pack and Precision Pen 2 (TB-J606L) [ZA7S0153CL],411548,425650,14102,-3,Qualcomm Snapdragon 662 (SM6115) (2000 MHz),"11.0"" (1200x2000)",128 GB,4G,Android 10,https://www.solotodo.cl/products/108118-lenovo-tab-p11-with-keyboard-pack-and-precision-pen-2-tb-j606l-za7s0153cl,,,,402353,401479,401479,437340,401479,401479,401479,401479,401479,401479,422490,422490,428640,422425,425650,425650
104842,Samsung Galaxy Tab Active3 2020 (LTE / T575 / 64 GB) [SM-T575NZKLCHO],478782,495417,16635,-3,Samsung Exynos 9810 (2900 MHz),"8.0"" (1920x1200)",64 GB,4G,Android 10,https://www.solotodo.cl/products/104842-samsung-galaxy-tab-active3-2020-lte-t575-64-gb-sm-t575nzklcho,471234,471234,472260,473921,472891,471234,503940,472336,472336,463628,460449,462033,462033,504670,504850,497555,490763,490713,495417
118781,Apple iPad Pro 12.9 2021 (5G / 512 GB / Space Gray) [MHR83CI/A],1466780,1519392,52612,-4,Apple M1 (3200 MHz),"12.9"" (2732x2048)",512 GB,5G,iOS 14.5.1,https://www.solotodo.cl/products/118781-apple-ipad-pro-129-2021-5g-512-gb-space-gray-mhr83cia,1329990,1329990,1329990,1329990,1329990,1519392,1519392,1519392,1519392,1519392,1519392,1519392,1519392,1519392,1519392,1519392,1519392,1519392,1519392
76007,Lenovo Tab M8 (TB-8505F) [ZA5G0122MX],94990,99990,5000,-5,MediaTek Helio A22 (MT6761) (2000 MHz),"8.0"" (1280x800)",32 GB,No,"Android 9.0 ""Pie""",https://www.solotodo.cl/products/76007-lenovo-tab-m8-tb-8505f-za5g0122mx,,,,,,,,,,,,,,,,,89990,99990,99990
119936,Samsung Galaxy Tab S7 Fan Edition LTE (T735 / 64 GB / 4 GB / Mystic Black) [SM-T735NZKUCHO],468323,499990,31667,-7,Qualcomm Snapdragon [SM7225] 750G 5G (2200 MHz),"12.4"" (2560x1600)",64 GB,4G,Android 11,https://www.solotodo.cl/products/119936-samsung-galaxy-tab-s7-fan-edition-lte-t735-64-gb-4-gb-mystic-black-sm-t735nzkucho,499990,499990,419990,419990,499990,489990,459990,459990,459990,459990,459990,459990,459990,459990,459990,459990,499990,499990,499990
65464,Samsung Galaxy Tab A 8.0 2019 LTE (T295 / Carbon Black) [SM-T295NZKACHO],130903,139874,8971,-7,Qualcomm Snapdragon 429 (SDM429) (2000 MHz),"8.0"" (1280x800)",32 GB,4G,"Android 9.0 ""Pie""",https://www.solotodo.cl/products/65464-samsung-galaxy-tab-a-80-2019-lte-t295-carbon-black-sm-t295nzkacho,99990,99990,139680,99990,99990,139680,139680,139680,139680,139680,139680,139680,139680,139680,139874,139874,139874,139874,139874
53060,Microsoft Surface Go (128 GB / 8 GB),799990,859990,60000,-8,Intel Pentium 4415Y (1600 MHz),"10.0"" (1800x1200)",128 GB,No,Windows 10,https://www.solotodo.cl/products/53060-microsoft-surface-go-128-gb-8-gb,799990,799990,799990,799990,799990,799990,799990,799990,799990,799990,799990,799990,799990,799990,799990,799990,799990,799990,859990
93989,Lenovo Tab M10 HD (2nd Gen) (TB-X306X) [ZA6V0185CL],171987,184990,13003,-8,MediaTek Helio P22T (MT6762) (2300 MHz),"10.1"" (800x1280)",64 GB,4G,Android 10,https://www.solotodo.cl/products/93989-lenovo-tab-m10-hd-2nd-gen-tb-x306x-za6v0185cl,139990,174990,174990,174990,174990,174990,174990,174990,174990,174990,174990,161327,161327,168612,169645,174990,184990,184990,184990
80662,Samsung Galaxy Tab S6 Lite (P610 / Oxford Gray) [SM-P610NZAUCHO],304031,329213,25182,-8,Samsung Exynos 9611 (2300 MHz),"10,4"" (1200x2000)",64 GB,No,Android 10,https://www.solotodo.cl/products/80662-samsung-galaxy-tab-s6-lite-p610-oxford-gray-sm-p610nzaucho,284990,284990,284990,284990,,,,309163,299990,303466,299990,302416,302416,325390,328818,309990,309990,328871,329213
85423,Lenovo Smart Tab M8 with Google Assistant (TB-8505FS) [ZA5C0066CL],92212,99990,7778,-8,MediaTek Helio A22 (MT6761) (2000 MHz),"8.0"" (1280x800)",32 GB,No,"Android 9.0 ""Pie""",https://www.solotodo.cl/products/85423-lenovo-smart-tab-m8-with-google-assistant-tb-8505fs-za5c0066cl,89990,89990,89990,89990,89990,89990,89990,89990,89990,89990,89990,89990,89990,99990,99990,94990,94990,99990,99990
79828,Microsoft Surface Pro 7 (i7-1065G7 / 512 GB / 16 GB) [QWU-00001],2299990,2499990,200000,-9,Intel Core i7-1065G7 (1300 MHz),"12.3"" (2736x1824)",512 GB,No,Windows 10,https://www.solotodo.cl/products/79828-microsoft-surface-pro-7-i7-1065g7-512-gb-16-gb-qwu-00001,2299990,2299990,2299990,2299990,2299990,2299990,2299990,2299990,2299990,2299990,2299990,2299990,2299990,2299990,2299990,2299990,2299990,2299990,2499990
66503,Amazon Fire 7 (2019 / 16 GB / Negro),64268,69990,5722,-9,MediaTek MT8163 (1300 MHz),"7.0"" (1024x600)",16 GB,No,Fire OS 6.3,https://www.solotodo.cl/products/66503-amazon-fire-7-2019-16-gb-negro,59990,62990,62990,59990,59990,59990,62990,62990,62990,62990,62990,62990,62990,69990,69990,69990,69990,69990,69990
84149,Lenovo Tab M8 (16 GB / Titanium Gray),90546,99990,9444,-10,MediaTek Helio A22 (MT6761) (2000 MHz),"8.0"" (1280x800)",16 GB,No,"Android 9.0 ""Pie""",https://www.solotodo.cl/products/84149-lenovo-tab-m8-16-gb-titanium-gray,89990,89990,89990,89990,89990,89990,89990,89990,89990,89990,89990,89990,89990,89990,89990,89990,89990,99990,99990
85882,Lenovo Tab M8 HD (2nd Gen) (TB-8505F) [ZA5G0062CL],81166,89990,8824,-11,MediaTek Helio A22 (MT6761) (2000 MHz),"8.0"" (1280x800)",32 GB,No,"Android 9.0 ""Pie""",https://www.solotodo.cl/products/85882-lenovo-tab-m8-hd-2nd-gen-tb-8505f-za5g0062cl,79990,79990,79990,79990,79990,79990,79990,79990,79990,79990,79990,79990,79990,79990,79990,89990,,89990,89990
113554,Lenovo Tab M7 (TB-7305X) [ZA570014CL],67434,75990,8556,-13,MediaTek MT8765 (1300 MHz),"7.0"" (1024x600)",16 GB,4G,"Android 9.0 ""Pie""",https://www.solotodo.cl/products/113554-lenovo-tab-m7-tb-7305x-za570014cl,75990,75990,75990,75990,64990,64990,64990,64990,64990,64990,64990,64990,64990,64990,64990,64990,64990,64990,75990
105600,Lenovo Tab M7 (7305I / 16 GB / 1 GB / Iron Gray),121434,136990,15556,-13,MediaTek MT8321 (1300 MHz),"7.0"" (1024x600)",16 GB,3G,"Android 9.0 ""Pie""",https://www.solotodo.cl/products/105600-lenovo-tab-m7-7305i-16-gb-1-gb-iron-gray,116990,116990,116990,116990,116990,116990,116990,116990,116990,116990,116990,116990,116990,116990,136990,136990,136990,136990,136990
60427,Apple iPad Mini 5 (Wi-Fi / 64 GB / Space Gray) [MUQW2CI/A],349990,399990,50000,-14,Apple A12 Bionic (2500 MHz),"7.9"" (2048x1536)",64 GB,No,iOS 12.1,https://www.solotodo.cl/products/60427-apple-ipad-mini-5-wi-fi-64-gb-space-gray-muqw2cia,,,,,,,,,,,,,,,349990,349990,349990,349990,399990
97990,Lenovo Tab M10 HD (2nd Gen) (TB-X306F) [ZA6W0172CL],128738,149990,21252,-17,MediaTek Helio P22T (MT6762) (2300 MHz),"10.1"" (800x1280)",32 GB,No,Android 10,https://www.solotodo.cl/products/97990-lenovo-tab-m10-hd-2nd-gen-tb-x306f-za6w0172cl,99990,99990,99990,99990,99990,99990,99990,99990,99990,,99990,,219980,219980,219980,124990,124990,149990,149990
79827,Microsoft Surface Pro 7 (i7-1065G7 / 1 TB / 16 GB) [QWU-00001],2499990,2990990,491000,-20,Intel Core i7-1065G7 (1300 MHz),"12.3"" (2736x1824)",1024 GB,No,Windows 10,https://www.solotodo.cl/products/79827-microsoft-surface-pro-7-i7-1065g7-1-tb-16-gb-qwu-00001,2499990,2499990,2499990,2499990,2499990,2499990,2499990,2499990,2499990,2499990,2499990,2499990,2499990,2499990,2499990,2499990,2499990,2499990,2990990
114212,Lenovo Tab M10 HD (2nd Gen) (TB-X306F) [ZA730023CL],155228,190912,35684,-23,MediaTek Helio P22T (MT6762) (2300 MHz),"10.1"" (800x1280)",64 GB,No,Android 10,https://www.solotodo.cl/products/114212-lenovo-tab-m10-hd-2nd-gen-tb-x306f-za730023cl,149990,149990,149990,149990,149990,154990,149990,149990,,,,,,,,,,192128,190912
91452,Samsung Galaxy Tab A7 10.4 2020 Wi-Fi (T500N / 64 GB / Gray) [SM-T500NZAECHO],226657,299990,73333,-32,Qualcomm 662 (2000 MHz),"10,4"" (1200x2000)",64 GB,No,Android 10,https://www.solotodo.cl/products/91452-samsung-galaxy-tab-a7-104-2020-wi-fi-t500n-64-gb-gray-sm-t500nzaecho,,,,,,,,,,,,,,,189990,,299990,189990,299990
81807,Apple iPad Pro 12.9 2020 (Wi-Fi / 256 GB / Spacel Gray) [MXAT2CI/A],998752,,,,Apple A12Z Bionic (2500 MHz),"12.9"" (2732x2048)",256 GB,No,iOS 13.4,https://www.solotodo.cl/products/81807-apple-ipad-pro-129-2020-wi-fi-256-gb-spacel-gray-mxat2cia,,,,,1084760,1080950,1099940,1083483,1083483,949990,949990,949990,949990,949990,949990,949990,949990,949990,
113150,Apple iPad Pro 11.0 2021 (5G / 512 GB / Silver) [MHWA3CI/A],1299990,,,,Apple M1 (3200 MHz),"11.0"" (2388x1668)",512 GB,5G,iOS 14.5.1,https://www.solotodo.cl/products/113150-apple-ipad-pro-110-2021-5g-512-gb-silver-mhwa3cia,1299990,1299990,1299990,1299990,1299990,1299990,1299990,1299990,1299990,1299990,1299990,1299990,1299990,1299990,1299990,1299990,1299990,1299990,
113257,Apple iPad Pro 11.0 2021 (5G / 256 GB / Space Gray) [MHW73CI/A],1069990,,,,Apple M1 (3200 MHz),"11.0"" (2388x1668)",256 GB,5G,iOS 14.5.1,https://www.solotodo.cl/products/113257-apple-ipad-pro-110-2021-5g-256-gb-space-gray-mhw73cia,1069990,1069990,1069990,1069990,1069990,1069990,1069990,1069990,1069990,1069990,1069990,1069990,1069990,1069990,1069990,1069990,1069990,1069990,
60416,Apple iPad Mini 5 (4G / 256 GB / Space Gray) [MUXC2CI/A],682657,,,,Apple A12 Bionic (2500 MHz),"7.9"" (2048x1536)",256 GB,4G,iOS 12.1,https://www.solotodo.cl/products/60416-apple-ipad-mini-5-4g-256-gb-space-gray-muxc2cia,679990,679990,679990,679990,679990,679990,679990,679990,679990,679990,679990,689990,689990,689990,,,,689990,
115595,Samsung Galaxy Tab A7 Lite (T220 / 64 GB / 4 GB / Gray) [SM-T220NZAFCHO],132212,,,,MediaTek Helio P22T [MT8768T] (2300 MHz),"8,7"" (800x1340)",64 GB,No,Android 11,https://www.solotodo.cl/products/115595-samsung-galaxy-tab-a7-lite-t220-64-gb-4-gb-gray-sm-t220nzafcho,109990,109990,109990,139990,149990,,,,,139990,,,,,,129990,129990,169990,
87494,Samsung Galaxy Tab A7 10.4 2020 LTE (T505N / 32GB / Gris) [SM-T505NZAACHO],209990,,,,Qualcomm Snapdragon 662 (SM6115) (2000 MHz),"10,4"" (1200x2000)",32 GB,4G,Android 10,https://www.solotodo.cl/products/87494-samsung-galaxy-tab-a7-104-2020-lte-t505n-32gb-gris-sm-t505nzaacho,181990,181990,179990,181990,181990,179990,179990,179990,179990,279990,279990,279990,181990,279990,189990,189990,189990,279990,
125314,Apple iPad 10.2 2021 (64 GB / Silver) [MK2L3CI/A],351528,,,,Apple A13 Bionic (1800 MHz),"10,2"" (1620x2160)",64 GB,No,iPadOS 15,https://www.solotodo.cl/products/125314-apple-ipad-102-2021-64-gb-silver-mk2l3cia,349990,349990,349990,349990,349990,349990,349990,349990,349990,,,,369990,369990,,339990,339990,,
93528,Lenovo Tab M7 (TB-7305X) [ZA570000CL],69990,,,,MediaTek MT8765 (1300 MHz),"7.0"" (1024x600)",16 GB,4G,"Android 9.0 ""Pie""",https://www.solotodo.cl/products/93528-lenovo-tab-m7-tb-7305x-za570000cl,69990,69990,69990,69990,69990,69990,69990,69990,69990,69990,69990,69990,69990,69990,69990,69990,69990,,
85070,Lenovo Tab M8 HD (2nd Gen) (TB-8505X) [ZA5H0042CL],99990,,,,MediaTek Helio A22 (MT6761) (2000 MHz),"8.0"" (1280x800)",16 GB,4G,"Android 9.0 ""Pie""",https://www.solotodo.cl/products/85070-lenovo-tab-m8-hd-2nd-gen-tb-8505x-za5h0042cl,,,,,,,,,,,,,,,,99990,99990,,
60417,Apple iPad Mini 5 (4G / 256 GB / Gold) [MUXE2CI/A],399990,,,,Apple A12 Bionic (2500 MHz),"7.9"" (2048x1536)",256 GB,4G,iOS 12.1,https://www.solotodo.cl/products/60417-apple-ipad-mini-5-4g-256-gb-gold-muxe2cia,,,,,,,,,,,,,,,399990,399990,399990,,
113153,Apple iPad Pro 11.0 2021 (Wi-Fi / 512 GB / Space Gray) [MHQW3CI/A],908225,,,,Apple M1 (3200 MHz),"11.0"" (2388x1668)",512 GB,No,iOS 14.5.1,https://www.solotodo.cl/products/113153-apple-ipad-pro-110-2021-wi-fi-512-gb-space-gray-mhqw3cia,879990,879990,879990,879990,879990,919990,919990,919990,919990,919990,919990,919990,919990,919990,919990,919990,919990,,
88055,Apple iPad 10.2 2020 (WI-FI / 128 GB / Space Gray) [MYLD2CI/A],438561,,,,Apple A12 Bionic (2500 MHz),"10,2"" (1620x2160)",128 GB,No,iOS 14,https://www.solotodo.cl/products/88055-apple-ipad-102-2020-wi-fi-128-gb-space-gray-myld2cia,439990,439990,,439990,,439990,439990,439990,439990,439990,439990,439990,439990,439990,459990,399990,,,
119937,Samsung Galaxy Tab S7 Fan Edition (T733 / 64 GB / 4 GB / Mystic Green) [SM-T733NLGUCHO],409221,,,,Qualcomm Snapdragon [SM7225] 750G 5G (2200 MHz),"12.4"" (2560x1600)",64 GB,No,Android 11,https://www.solotodo.cl/products/119937-samsung-galaxy-tab-s7-fan-edition-t733-64-gb-4-gb-mystic-green-sm-t733nlgucho,469990,469990,419990,419990,399990,399990,399990,399990,399990,399990,379990,,,,379990,379990,,,
119940,Samsung Galaxy Tab S7 Fan Edition (T733 / 128 GB / 6 GB / Mystic Silver) [SM-T733NZSVCHO],450615,,,,Qualcomm Snapdragon [SM7225] 750G 5G (2200 MHz),"12.4"" (2560x1600)",128 GB,No,Android 11,https://www.solotodo.cl/products/119940-samsung-galaxy-tab-s7-fan-edition-t733-128-gb-6-gb-mystic-silver-sm-t733nzsvcho,489990,489990,449990,449990,489990,459990,449990,449990,449990,449990,429990,429990,429990,429990,429990,429990,,,
86254,Samsung Galaxy Tab S7 (T870 / 128 GB / 6 GB / Mystic Bronze) + Teclado [SM-T870NZNUCHO],573990,,,,Qualcomm Snapdragon 865+ (SM8250) (3090 MHz),"11.0"" (2560x1600)",128 GB,No,Android 10,https://www.solotodo.cl/products/86254-samsung-galaxy-tab-s7-t870-128-gb-6-gb-mystic-bronze-teclado-sm-t870nznucho,619990,619990,599990,599990,,,,,,,549990,549990,549990,549990,549990,549990,,,
67713,Samsung Galaxy Tab S6 (T860 / Gris) + Teclado [F-T860NZT860NZ],768740,,,,Qualcomm Snapdragon 855 (2840 MHz),"10.5"" (2560x1600)",128 GB,No,"Android 9.0 ""Pie""",https://www.solotodo.cl/products/67713-samsung-galaxy-tab-s6-t860-gris-teclado-f-t860nzt860nz,849990,849990,849990,749990,749990,749990,749990,749990,749990,749990,749990,749990,749990,749990,749990,749990,,,
125313,Apple iPad 10.2 2021 (256 GB / Silver) [MK2P3CI/A],486657,,,,Apple A13 Bionic (1800 MHz),"10,2"" (1620x2160)",256 GB,No,iPadOS 15,https://www.solotodo.cl/products/125313-apple-ipad-102-2021-256-gb-silver-mk2p3cia,479990,479990,479990,479990,479990,499990,,499990,499990,,,,,,,479990,,,
81306,Apple iPad Pro 11.0 2020 (LTE / 256 GB / Silver) [MXE52CI/A],1049990,,,,Apple A12Z Bionic (2500 MHz),"11.0"" (2388x1668)",256 GB,4G,iOS 13.4,https://www.solotodo.cl/products/81306-apple-ipad-pro-110-2020-lte-256-gb-silver-mxe52cia,1049990,1049990,1049990,1049990,1049990,1049990,1049990,1049990,1049990,1049990,1049990,1049990,1049990,1049990,1049990,1049990,,,
111835,Lenovo Tab P11 + Smart Charging Station 2 [ZA7X0022CL],229990,,,,Qualcomm Snapdragon 662 (SM6115) (2000 MHz),"11.0"" (1200x2000)",128 GB,No,Android 10,https://www.solotodo.cl/products/111835-lenovo-tab-p11-smart-charging-station-2-za7x0022cl,229990,229990,229990,229990,229990,229990,229990,229990,229990,229990,229990,229990,229990,229990,229990,229990,,,
90543,Apple iPad Air 10.9 2020 (Wi-Fi / 64 GB / Green) + Apple Pencil [MYFR2CI/A],839990,,,,Apple A14 Bionic (3100 MHz),"10,9"" (2360x1640)",64 GB,No,iPadOS 14,https://www.solotodo.cl/products/90543-apple-ipad-air-109-2020-wi-fi-64-gb-green-apple-pencil-myfr2cia,839990,839990,839990,839990,839990,839990,839990,839990,839990,839990,839990,839990,839990,839990,839990,839990,,,
59787,Samsung Galaxy Tab S4 10.5 (T830 / Negro) + Teclado [F-T830KAFT830U],499990,,,,Qualcomm Snapdragon 835 (2350 MHz),"10.5"" (2560x1600)",64 GB,No,"Android 8.1 ""Oreo""",https://www.solotodo.cl/products/59787-samsung-galaxy-tab-s4-105-t830-negro-teclado-f-t830kaft830u,,,,,,,,,,,,,499990,499990,499990,499990,,,
90556,Apple iPad Air 10.9 2020 (Wi-Fi / 64 GB / Sky Blue) + Apple Pencil 2nd Gen [MYFQ2CI/A],839990,,,,Apple A14 Bionic (3100 MHz),"10,9"" (2360x1640)",64 GB,No,iPadOS 14,https://www.solotodo.cl/products/90556-apple-ipad-air-109-2020-wi-fi-64-gb-sky-blue-apple-pencil-2nd-gen-myfq2cia,839990,839990,839990,839990,839990,839990,839990,839990,839990,839990,839990,839990,839990,839990,839990,839990,,,
85585,Samsung Galaxy Tab S7 LTE (T875 / 128 GB / 6 GB / Mystic Black) + Teclado [SM-T875NZKUCHO],679990,,,,Qualcomm Snapdragon 865+ (SM8250) (3090 MHz),"11.0"" (2560x1600)",128 GB,4G,Android 10,https://www.solotodo.cl/products/85585-samsung-galaxy-tab-s7-lte-t875-128-gb-6-gb-mystic-black-teclado-sm-t875nzkucho,679990,679990,679990,679990,679990,679990,679990,679990,679990,679990,679990,679990,679990,679990,679990,679990,,,
113398,Samsung Galaxy Tab A7 Lite (T220 / 32 GB / 3 GB / Gray) [SM-T220NZAACHO],108489,,,,MediaTek Helio P22T [MT8768T] (2300 MHz),"8,7"" (800x1340)",32 GB,No,Android 11,https://www.solotodo.cl/products/113398-samsung-galaxy-tab-a7-lite-t220-32-gb-3-gb-gray-sm-t220nzaacho,99990,99990,99990,89990,109990,109990,109990,109990,109990,109990,99990,157472,109990,,99990,109990,,,
85830,Samsung Galaxy Tab S7+ (T970 / 256 GB / 8 GB / Mystic Black) + Teclado [SM-T970NZKWCHO],818323,,,,Qualcomm Snapdragon 865+ (SM8250) (3090 MHz),"12.4"" (2800x1752)",256 GB,No,Android 10,https://www.solotodo.cl/products/85830-samsung-galaxy-tab-s7-t970-256-gb-8-gb-mystic-black-teclado-sm-t970nzkwcho,,,829990,789990,829990,799990,789990,,,799990,829990,829990,829990,829990,829990,829990,,,
86256,Samsung Galaxy Tab S7 (T870 / 256 GB / 8 GB / Mystic Bronze) + Teclado [SM-T870NZNWCHO],709365,,,,Qualcomm Snapdragon 865+ (SM8250) (3090 MHz),"11.0"" (2560x1600)",256 GB,No,Android 10,https://www.solotodo.cl/products/86256-samsung-galaxy-tab-s7-t870-256-gb-8-gb-mystic-bronze-teclado-sm-t870nznwcho,699990,699990,699990,699990,699990,699990,699990,699990,699990,699990,699990,729990,729990,729990,729990,729990,,,
113163,Apple iPad Pro 12.9 2021 (Wi-Fi / 1 TB / Space Gray) [MHNM3CI/A],1524990,,,,Apple M1 (3200 MHz),"12.9"" (2732x2048)",1024 GB,No,iOS 14.5.1,https://www.solotodo.cl/products/113163-apple-ipad-pro-129-2021-wi-fi-1-tb-space-gray-mhnm3cia,1499990,,,,,,,,,,,,,,,1549990,,,
90025,Apple iPad Air 10.9 2020 (Wi-Fi / 64 GB / Space Gray) [MYFM2CI/A],503740,,,,Apple A14 Bionic (3100 MHz),"10,9"" (2360x1640)",64 GB,No,iPadOS 14,https://www.solotodo.cl/products/90025-apple-ipad-air-109-2020-wi-fi-64-gb-space-gray-myfm2cia,499990,499990,499990,499990,499990,499990,499990,499990,499990,499990,499990,499990,499990,499990,529990,529990,,,
109629,Lenovo Tab P11 + Teclado + LÃ¡piz [ZA7R0205CL],321240,,,,Qualcomm Snapdragon 662 (SM6115) (2000 MHz),"11.0"" (1200x2000)",128 GB,No,Android 10,https://www.solotodo.cl/products/109629-lenovo-tab-p11-teclado-lapiz-za7r0205cl,299990,299990,299990,299990,299990,329990,329990,329990,329990,329990,329990,329990,329990,329990,329990,339990,,,
90266,Apple iPad Air 10.9 2020 (Wi-Fi / 256 GB / Space Gray) [MYFT2CI/A],630615,,,,Apple A14 Bionic (3100 MHz),"10,9"" (2360x1640)",256 GB,No,iPadOS 14,https://www.solotodo.cl/products/90266-apple-ipad-air-109-2020-wi-fi-256-gb-space-gray-myft2cia,669990,669990,669990,669990,669990,599990,599990,599990,599990,599990,599990,599990,599990,599990,669990,669990,,,
101491,Samsung Galaxy Tab S6 Lite (P610 / 128 GB / Oxford Gray) + Book Cover [SM-P610NZAWCHO],389990,,,,Samsung Exynos 9611 (2300 MHz),"10,4"" (1200x2000)",128 GB,No,Android 10,https://www.solotodo.cl/products/101491-samsung-galaxy-tab-s6-lite-p610-128-gb-oxford-gray-book-cover-sm-p610nzawcho,399990,,399990,,,,,,,399990,329990,,,,,419990,,,
82117,Apple iPad Pro 12.9 2020 (Wi-Fi / 128 GB / Space Gray) [MY2H2CI/A],980311,,,,Apple A12Z Bionic (2500 MHz),"12.9"" (2732x2048)",128 GB,No,iOS 13.4,https://www.solotodo.cl/products/82117-apple-ipad-pro-129-2020-wi-fi-128-gb-space-gray-my2h2cia,988500,988500,,,990644,,991963,990811,990811,990801,972550,969990,969193,969980,949990,,,,
127018,Apple iPad 10.2 2021 LTE (256 GB / Space Gray),649990,,,,Apple A13 Bionic (1800 MHz),"10,2"" (1620x2160)",256 GB,4G,iPadOS 15,https://www.solotodo.cl/products/127018-apple-ipad-102-2021-lte-256-gb-space-gray,649990,649990,649990,649990,649990,649990,649990,649990,649990,649990,649990,649990,649990,649990,649990,,,,
125318,Apple iPad 10.2 2021 LTE (64 GB / Space Gray) [MK473CI/A],483204,,,,Apple A13 Bionic (1800 MHz),"10,2"" (1620x2160)",64 GB,4G,iPadOS 15,https://www.solotodo.cl/products/125318-apple-ipad-102-2021-lte-64-gb-space-gray-mk473cia,479990,479990,479990,479990,479990,484990,484990,484990,484990,484990,484990,484990,,484990,484990,,,,
60425,Apple iPad Mini 5 (Wi-Fi / 64 GB / Gold) [MUQY2CI/A],359990,,,,Apple A12 Bionic (2500 MHz),"7.9"" (2048x1536)",64 GB,No,iOS 12.1,https://www.solotodo.cl/products/60425-apple-ipad-mini-5-wi-fi-64-gb-gold-muqy2cia,359990,359990,359990,359990,359990,359990,359990,359990,359990,359990,359990,359990,359990,359990,,,,,
61440,Samsung Galaxy Tab A 8.0 2019 & S Pen (P200 / 32 GB / 3 GB / Black) [SM-P200NZKLCHO],124990,,,,Samsung Exynos 7 Octa (7904) (1800 MHz),"8.0"" (1920x1200)",32 GB,No,"Android 9.0 ""Pie""",https://www.solotodo.cl/products/61440-samsung-galaxy-tab-a-80-2019-s-pen-p200-32-gb-3-gb-black-sm-p200nzklcho,,,124990,124990,124990,124990,124990,124990,124990,124990,124990,124990,124990,124990,,,,,
119942,Samsung Galaxy Tab S7 Fan Edition (T733 / 64 GB / 4 GB / Mystic Silver) [SM-T733NZSUCHO],319990,,,,Qualcomm Snapdragon [SM7225] 750G 5G (2200 MHz),"12.4"" (2560x1600)",64 GB,No,Android 11,https://www.solotodo.cl/products/119942-samsung-galaxy-tab-s7-fan-edition-t733-64-gb-4-gb-mystic-silver-sm-t733nzsucho,,,,,,,,,,,,319990,319990,319990,,,,,
113263,Apple iPad Pro 11.0 2021 (Wi-Fi / 1 TB / Silver) [MHR03CI/A],1199990,,,,Apple M1 (3200 MHz),"11.0"" (2388x1668)",1024 GB,No,iOS 14.5.1,https://www.solotodo.cl/products/113263-apple-ipad-pro-110-2021-wi-fi-1-tb-silver-mhr03cia,1199990,1199990,1199990,1199990,1199990,1199990,1199990,1199990,1199990,1199990,1199990,1199990,1199990,1199990,,,,,
83890,Samsung Galaxy Tab S6 Lite LTE (P615 / Oxford Gray) [F-P615NZAUP-GT],387308,,,,Samsung Exynos 9611 (2300 MHz),"10,4"" (1200x2000)",64 GB,4G,Android 10,https://www.solotodo.cl/products/83890-samsung-galaxy-tab-s6-lite-lte-p615-oxford-gray-f-p615nzaup-gt,397990,397990,,,,386509,,386027,386027,,,377685,378927,,,,,,
119331,Samsung Galaxy Tab A7 Lite LTE (T225 / 32 GB / 3 GB / Gray),169740,,,,MediaTek Helio P22T [MT8768T] (2300 MHz),"8,7"" (800x1340)",32 GB,4G,Android 11,https://www.solotodo.cl/products/119331-samsung-galaxy-tab-a7-lite-lte-t225-32-gb-3-gb-gray,,,,,,,,,,169740,,169740,169740,,,,,,
85892,Amazon Fire HD 10 2019 (32 GB / Negro),109990,,,,MediaTek MT8183 (2000 MHz),"10.1"" (1920x1200)",32 GB,No,Fire OS 7.3,https://www.solotodo.cl/products/85892-amazon-fire-hd-10-2019-32-gb-negro,109990,109990,109990,109990,109990,109990,109990,109990,109990,109990,109990,109990,109990,,,,,,
113161,Apple iPad Pro 12.9 2021 (5G / 128 GB / Silver) [MHR53CI/A],999990,,,,Apple M1 (3200 MHz),"12.9"" (2732x2048)",128 GB,5G,iOS 14.5.1,https://www.solotodo.cl/products/113161-apple-ipad-pro-129-2021-5g-128-gb-silver-mhr53cia,999990,999990,999990,,999990,999990,999990,999990,999990,999990,999990,999990,,,,,,,
47693,Amazon Kindle Fire HD 8,89900,,,,MediaTek MT8163 (1300 MHz),"8.0"" (1280x800)",16 GB,No,"Fire OS 5.0 ""Bellini""",https://www.solotodo.cl/products/47693-amazon-kindle-fire-hd-8,89900,89900,89900,89900,89900,89900,89900,89900,89900,89900,89900,89900,,,,,,,
91131,Samsung Galaxy Tab A7 10.4 2020 Wi-Fi (T500 / 64 GB / Gold) [SM-T500NZDECHO],189990,,,,Qualcomm 662 (2000 MHz),"10,4"" (1200x2000)",64 GB,No,Android 10,https://www.solotodo.cl/products/91131-samsung-galaxy-tab-a7-104-2020-wi-fi-t500-64-gb-gold-sm-t500nzdecho,189990,189990,189990,189990,189990,,,,,,189990,,,,,,,,
60415,Apple iPad Mini 5 (4G / 64 GB / Silver) [MUX62CI/A],529990,,,,Apple A12 Bionic (2500 MHz),"7.9"" (2048x1536)",64 GB,4G,iOS 12.1,https://www.solotodo.cl/products/60415-apple-ipad-mini-5-4g-64-gb-silver-mux62cia,529990,529990,529990,529990,529990,529990,529990,529990,529990,529990,529990,,,,,,,,
101092,Apple iPad Air 10.9 2020 (LTE / 64 GB / Green) [MYH12CI/A],689990,,,,Apple A14 Bionic (3100 MHz),"10,9"" (2360x1640)",64 GB,4G,iPadOS 14,https://www.solotodo.cl/products/101092-apple-ipad-air-109-2020-lte-64-gb-green-myh12cia,,,,,,,689990,689990,689990,689990,689990,,,,,,,,
113146,Apple iPad Pro 12.9 2021 (Wi-Fi / 128 GB / Space Gray) [MHNF3CI/A],899990,,,,Apple M1 (3200 MHz),"12.9"" (2732x2048)",128 GB,No,iOS 14.5.1,https://www.solotodo.cl/products/113146-apple-ipad-pro-129-2021-wi-fi-128-gb-space-gray-mhnf3cia,899990,899990,899990,899990,899990,899990,899990,899990,899990,899990,899990,,,,,,,,
85582,Samsung Galaxy Tab S7 (T870 / 128 GB / 6 GB / Mystic Black) + Teclado [SM-T870NZKUCHO],609990,,,,Qualcomm Snapdragon 865+ (SM8250) (3090 MHz),"11.0"" (2560x1600)",128 GB,No,Android 10,https://www.solotodo.cl/products/85582-samsung-galaxy-tab-s7-t870-128-gb-6-gb-mystic-black-teclado-sm-t870nzkucho,,,,,629990,599990,,,,599990,,,,,,,,,
82333,Apple iPad Pro 11.0 2020 (LTE / 512 GB / Space Gray) [MXE62CI/A],1199990,,,,Apple A12Z Bionic (2500 MHz),"11.0"" (2388x1668)",512 GB,4G,iOS 13.4,https://www.solotodo.cl/products/82333-apple-ipad-pro-110-2020-lte-512-gb-space-gray-mxe62cia,,,,,1199990,,1199990,,1199990,,,,,,,,,,
113407,Apple iPad Pro 12.9 2021 (5G / 2 TB / Silver) [MHRE3CI/A],1899990,,,,Apple M1 (3200 MHz),"12.9"" (2732x2048)",2048 GB,5G,iOS 14.5.1,https://www.solotodo.cl/products/113407-apple-ipad-pro-129-2021-5g-2-tb-silver-mhre3cia,1899990,1899990,1899990,1899990,1899990,1899990,1899990,,1899990,,,,,,,,,,
113148,Apple iPad Pro 11.0 2021 (Wi-Fi / 128 GB / Silver) [MHQT3CI/A],719990,,,,Apple M1 (3200 MHz),"11.0"" (2388x1668)",128 GB,No,iOS 14.5.1,https://www.solotodo.cl/products/113148-apple-ipad-pro-110-2021-wi-fi-128-gb-silver-mhqt3cia,,,,,,,719990,719990,719990,,,,,,,,,,
100720,Samsung Galaxy Tab S7+ (T970 / 256 GB / 8 GB / Mystic Blue) + Teclado [SM-T970NDBWCHO],789990,,,,Qualcomm Snapdragon 865+ (SM8250) (3090 MHz),"12.4"" (2800x1752)",256 GB,No,Android 10,https://www.solotodo.cl/products/100720-samsung-galaxy-tab-s7-t970-256-gb-8-gb-mystic-blue-teclado-sm-t970ndbwcho,,,,,,,,789990,789990,,,,,,,,,,
85586,Samsung Galaxy Tab S7 (T870 / 128 GB / 6 GB / Mystic Silver) + Teclado [SM-T870NZSUCHO],589990,,,,Qualcomm Snapdragon 865+ (SM8250) (3090 MHz),"11.0"" (2560x1600)",128 GB,No,Android 10,https://www.solotodo.cl/products/85586-samsung-galaxy-tab-s7-t870-128-gb-6-gb-mystic-silver-teclado-sm-t870nzsucho,,,,,,,589990,589990,589990,,,,,,,,,,
63040,Lenovo Tab P10 (TB-X705F) [ZA440182CL],141419,,,,Qualcomm Snapdragon 450 (1800 MHz),"10.1"" (1920x1200)",32 GB,No,"Android 8.1 ""Oreo""",https://www.solotodo.cl/products/63040-lenovo-tab-p10-tb-x705f-za440182cl,139990,139990,139990,149990,139990,139990,139990,,,,,,,,,,,,
80774,Samsung Galaxy Tab S6 Lite (P610 / Chiffon Pink) [SM-P610NZIUCHO],306657,,,,Samsung Exynos 9611 (2300 MHz),"10,4"" (1200x2000)",64 GB,No,Android 10,https://www.solotodo.cl/products/80774-samsung-galaxy-tab-s6-lite-p610-chiffon-pink-sm-p610nziucho,,,,,299990,299990,319990,,,,,,,,,,,,
88060,Apple iPad 10.2 2020 (WI-FI / 128 GB / Silver) [MYLE2CI/A],399990,,,,Apple A12 Bionic (2500 MHz),"10,2"" (1620x2160)",128 GB,No,iOS 14,https://www.solotodo.cl/products/88060-apple-ipad-102-2020-wi-fi-128-gb-silver-myle2cia,,,399990,,399990,,,,,,,,,,,,,,
101091,Apple iPad Air 10.9 2020 (LTE / 64 GB / Rose Gold) [MYGY2CI/A],669990,,,,Apple A14 Bionic (3100 MHz),"10,9"" (2360x1640)",64 GB,4G,iPadOS 14,https://www.solotodo.cl/products/101091-apple-ipad-air-109-2020-lte-64-gb-rose-gold-mygy2cia,669990,669990,669990,669990,669990,,,,,,,,,,,,,,
85888,Amazon Fire 7 (2019 / 16 GB / Negro) + Funda Azul,72900,,,,MediaTek MT8163 (1300 MHz),"7.0"" (1024x600)",16 GB,No,Fire OS 6.3,https://www.solotodo.cl/products/85888-amazon-fire-7-2019-16-gb-negro-funda-azul,72900,72900,72900,72900,,,,,,,,,,,,,,,
85893,Amazon Fire 7 (2019 / 16 GB / Negro) + Funda Negra,72900,,,,MediaTek MT8163 (1300 MHz),"7.0"" (1024x600)",16 GB,No,Fire OS 6.3,https://www.solotodo.cl/products/85893-amazon-fire-7-2019-16-gb-negro-funda-negra,72900,72900,72900,72900,,,,,,,,,,,,,,,
85889,Amazon Fire 7 (2019 / 16 GB / Negro) + Funda Roja,72900,,,,MediaTek MT8163 (1300 MHz),"7.0"" (1024x600)",16 GB,No,Fire OS 6.3,https://www.solotodo.cl/products/85889-amazon-fire-7-2019-16-gb-negro-funda-roja,72900,72900,72900,72900,,,,,,,,,,,,,,,
60834,Samsung Galaxy Tab A 10.1 2019 (T510 / 32 GB / 2 GB / Silver) [SM-T510NZSLCHO],229990,,,,Samsung Exynos 7 Octa (7904) (1800 MHz),"10.1"" (1920x1200)",32 GB,No,"Android 9.0 ""Pie""",https://www.solotodo.cl/products/60834-samsung-galaxy-tab-a-101-2019-t510-32-gb-2-gb-silver-sm-t510nzslcho,229990,,229990,229990,,,,,,,,,,,,,,,
86969,Lenovo Tab P10 (TB-X705F) (Gris),179990,,,,Qualcomm Snapdragon 450 (1800 MHz),"10.1"" (1920x1200)",32 GB,No,"Android 8.1 ""Oreo""",https://www.solotodo.cl/products/86969-lenovo-tab-p10-tb-x705f-gris,179990,179990,179990,,,,,,,,,,,,,,,,
126990,Samsung Galaxy Tab S7 Fan Edition (T733 / 64 GB / 4 GB / Mystic Green) + AudÃ­fonos Galaxy Buds2 (R177 / Graphite) [SM-T733NLGUCHO],599990,,,,Qualcomm Snapdragon [SM7225] 750G 5G (2200 MHz),"12.4"" (2560x1600)",64 GB,No,Android 11,https://www.solotodo.cl/products/126990-samsung-galaxy-tab-s7-fan-edition-t733-64-gb-4-gb-mystic-green-audifonos-galaxy-buds2-r177-graphite-sm-t733nlgucho,599990,599990,599990,,,,,,,,,,,,,,,,
67717,Samsung Galaxy Tab S6 LTE (T865 / Gris) + Teclado [F-T865LZDT860],599990,,,,Qualcomm Snapdragon 855 (2840 MHz),"10.5"" (2560x1600)",128 GB,4G,"Android 9.0 ""Pie""",https://www.solotodo.cl/products/67717-samsung-galaxy-tab-s6-lte-t865-gris-teclado-f-t865lzdt860,599990,599990,,,,,,,,,,,,,,,,,
60411,Apple iPad Air 10.5 2019 (Wi-Fi / 64 GB / Space Gray) [MUUJ2CI/A],348000,,,,Apple A12 Bionic (2500 MHz),"10.5"" (2224x1668)",64 GB,No,iOS 12.1,https://www.solotodo.cl/products/60411-apple-ipad-air-105-2019-wi-fi-64-gb-space-gray-muuj2cia,348000,348000,,,,,,,,,,,,,,,,,
125595,Apple iPad Mini 8.3 2021 (256 GB / Pink) [MLWR3CI/A],629990,,,,Apple A15 Bionic (1820 MHz),"8.3"" (2266x1488)",256 GB,No,iPadOS 15,https://www.solotodo.cl/products/125595-apple-ipad-mini-83-2021-256-gb-pink-mlwr3cia,629990,629990,,,,,,,,,,,,,,,,,
85588,Samsung Galaxy Tab S7+ (T970 / 256 GB / 8 GB / Mystic Silver) + Teclado [SM-T970NZSWCHO],799990,,,,Qualcomm Snapdragon 865+ (SM8250) (3090 MHz),"12.4"" (2800x1752)",256 GB,No,Android 10,https://www.solotodo.cl/products/85588-samsung-galaxy-tab-s7-t970-256-gb-8-gb-mystic-silver-teclado-sm-t970nzswcho,799990,799990,,,,,,,,,,,,,,,,,
125319,Apple iPad Mini 8.3 2021 (256 GB / Starlight) [MK7V3CI/A],675570,,,,Apple A15 Bionic (1820 MHz),"8.3"" (2266x1488)",256 GB,No,iPadOS 15,https://www.solotodo.cl/products/125319-apple-ipad-mini-83-2021-256-gb-starlight-mk7v3cia,,,675570,,,,,,,,,,,,,,,,
126994,Samsung Galaxy Tab S7 Fan Edition (T733 / 64 GB / 4 GB / Mystic Silver) + AudÃ­fonos Galaxy Buds2 (R177 / Graphite) [SM-T733NZSUCHO],599990,,,,Qualcomm Snapdragon [SM7225] 750G 5G (2200 MHz),"12.4"" (2560x1600)",64 GB,No,Android 11,https://www.solotodo.cl/products/126994-samsung-galaxy-tab-s7-fan-edition-t733-64-gb-4-gb-mystic-silver-audifonos-galaxy-buds2-r177-graphite-sm-t733nzsucho,,,,599990,,,,,,,,,,,,,,,
67918,Apple iPad 10.2 2019 (Wi-Fi / 32 GB / Space Gray) [MW742CI/A],389990,,,,Apple A10 Fusion (2330 MHz),"10,2"" (1620x2160)",32 GB,No,iOS 13.1,https://www.solotodo.cl/products/67918-apple-ipad-102-2019-wi-fi-32-gb-space-gray-mw742cia,,,,,,389990,,,,,,,,,,,,,
93437,Apple iPad Air 10.9 2020 (LTE / 64 GB / Space Gray) [MYGW2CI/A],699990,,,,Apple A14 Bionic (3100 MHz),"10,9"" (2360x1640)",64 GB,4G,iPadOS 14,https://www.solotodo.cl/products/93437-apple-ipad-air-109-2020-lte-64-gb-space-gray-mygw2cia,,,,,,699990,,,,,,,,,,,,,
65465,Samsung Galaxy Tab A 8.0 2019 (T290 / Silver Gray) [SM-T290NZSACHO],139990,,,,Qualcomm Snapdragon 429 (SDM429) (2000 MHz),"8.0"" (1280x800)",32 GB,No,"Android 9.0 ""Pie""",https://www.solotodo.cl/products/65465-samsung-galaxy-tab-a-80-2019-t290-silver-gray-sm-t290nzsacho,,,,,,,,,,,,,139990,,,,,,
125322,Apple iPad Mini 8.3 2021 (64 GB / Space Gray) [MK7M3CI/A],499990,,,,Apple A15 Bionic (1820 MHz),"8.3"" (2266x1488)",64 GB,No,iPadOS 15,https://www.solotodo.cl/products/125322-apple-ipad-mini-83-2021-64-gb-space-gray-mk7m3cia,,,,,,,,,,,,,,,,499990,,,
128306,Apple iPad Mini 8.3 2021 LTE (64 GB / Space Gray),639990,,,,Apple A15 Bionic (1820 MHz),"8.3"" (2266x1488)",64 GB,4G,iPadOS 15,https://www.solotodo.cl/products/128306-apple-ipad-mini-83-2021-lte-64-gb-space-gray,,,,,,,,,,,,,,,,639990,,,
128311,Apple iPad Mini 8.3 2021 LTE (256 GB / Pink) [MLX93CI/A],769990,,,,Apple A15 Bionic (1820 MHz),"8.3"" (2266x1488)",256 GB,4G,iPadOS 15,https://www.solotodo.cl/products/128311-apple-ipad-mini-83-2021-lte-256-gb-pink-mlx93cia,,,,,,,,,,,,,,,,769990,,,
84434,Lenovo Tab M8 HD (2nd Gen) (TB-8505F) [ZA5G0094CL],89990,,,,MediaTek Helio A22 (MT6761) (2000 MHz),"8.0"" (1280x800)",32 GB,No,"Android 9.0 ""Pie""",https://www.solotodo.cl/products/84434-lenovo-tab-m8-hd-2nd-gen-tb-8505f-za5g0094cl,,,,,,,,,,,,,,,,,89990,,
128428,Samsung Galaxy Tab S7 (T870 / 128 GB / 6 GB / Mystic Silver) + Keyboard Cover [SM-T870NZSUCHO],629990,,,,Qualcomm Snapdragon 865+ (SM8250) (3090 MHz),"11.0"" (2560x1600)",128 GB,No,Android 10,https://www.solotodo.cl/products/128428-samsung-galaxy-tab-s7-t870-128-gb-6-gb-mystic-silver-keyboard-cover-sm-t870nzsucho,,,,,,,,,,,,,,,,,629990,,
128529,Amazon Fire HD 8 (2020 / 32 GB / Twilight Blue),,90990,,,MediaTek MT8168 (2000 MHz),"8.0"" (1280x800)",32 GB,No,"Android 9.0 ""Pie""",https://www.solotodo.cl/products/128529-amazon-fire-hd-8-2020-32-gb-twilight-blue,,,,,,,,,,,,,,,,,,,90990
11698,Apple iPad 2 [MC769CI/A],,99990,,,Apple A5 (1000 MHz),"9.7"" (1024x768)",16 GB,No,iOS 4.0,https://www.solotodo.cl/products/11698-apple-ipad-2-mc769cia,,,,,,,,,,,,,,,,,,,99990
89201,Amazon Fire HD 10 2019 (32 GB / Azul),,149990,,,MediaTek MT8183 (2000 MHz),"10.1"" (1920x1200)",32 GB,No,Fire OS 7.3,https://www.solotodo.cl/products/89201-amazon-fire-hd-10-2019-32-gb-azul,,,,,,,,,,,,,,,,,,,149990
128525,Amazon Fire HD 10 2021 (32 GB / Lavender),,149990,,,MediaTek MT8183 (2000 MHz),"10.1"" (1920x1200)",32 GB,No,"Android 9.0 ""Pie""",https://www.solotodo.cl/products/128525-amazon-fire-hd-10-2021-32-gb-lavender,,,,,,,,,,,,,,,,,,,149990
128524,Lenovo Tab P11 [ZA7R0118US],,189990,,,Qualcomm Snapdragon 662 (SM6115) (2000 MHz),"11.0"" (1200x2000)",64 GB,No,Android 10,https://www.solotodo.cl/products/128524-lenovo-tab-p11-za7r0118us,,,,,,,,,,,,,,,,,,,189990
91879,Samsung Galaxy Tab A7 10.4 2020 LTE (T505N / 32GB / Silver) [SM-T505NZSACHO],,329990,,,Qualcomm Snapdragon 662 (SM6115) (2000 MHz),"10,4"" (1200x2000)",32 GB,4G,Android 10,https://www.solotodo.cl/products/91879-samsung-galaxy-tab-a7-104-2020-lte-t505n-32gb-silver-sm-t505nzsacho,,,,,,,,,,,,,,,,,,,329990
60418,Apple iPad Mini 5 (4G / 256 GB / Silver) [MUXD2CI/A],,499990,,,Apple A12 Bionic (2500 MHz),"7.9"" (2048x1536)",256 GB,4G,iOS 12.1,https://www.solotodo.cl/products/60418-apple-ipad-mini-5-4g-256-gb-silver-muxd2cia,,,,,,,,,,,,,,,,,,,499990
122759,Lenovo Yoga Tab 13 [ZA8E0006CL],,549990,,,Qualcomm 870 (2400 MHz),"13,0"" (2160x1350)",128 GB,No,Android 11,https://www.solotodo.cl/products/122759-lenovo-yoga-tab-13-za8e0006cl,,,,,,,,,,,,,,,,,,,549990
113260,Apple iPad Pro 11.0 2021 (5G / 256 GB / Silver) [MHW83CI/A],,1069990,,,Apple M1 (3200 MHz),"11.0"" (2388x1668)",256 GB,5G,iOS 14.5.1,https://www.solotodo.cl/products/113260-apple-ipad-pro-110-2021-5g-256-gb-silver-mhw83cia,,,,,,,,,,,,,,,,,,,1069990
